충전소,충전기ID,충전기타입,주소,이용가능시간
국립호남권생물자원관,91,DC콤보,전라남도 목포시 고하도안길 99 ,08:00 ~ 22:00
국립호남권생물자원관,92,DC콤보,전라남도 목포시 고하도안길 99 ,08:00 ~ 22:00
남교공영주차장,1,DC콤보,전라남도 목포시 남교동 57 ,24시간 이용가능
놀부정공영주차장,1,DC차데모+AC3상+DC콤보,전라남도 목포시 백년대로297번길 16-2 (상동) 전라남도 목포시 백년대로297번길 16-2 (상동),24시간 이용가능
동명동행정복지센터,1,DC콤보,전라남도 목포시 자유로20번길 27 ,24시간 이용가능
마인계터 예술주차장,21,DC콤보,전라남도 목포시 마인계터로 33 ,24시간 이용가능
마인계터 예술주차장,22,DC콤보,전라남도 목포시 마인계터로 33 ,24시간 이용가능
만호동행정복지센터,1,DC콤보,전라남도 목포시 수강로12번길 24 ,24시간 이용가능
목포건어물젓갈센터,21,DC콤보,전라남도 목포시 수강로12번길 41 ,24시간 이용가능
목포건어물젓갈센터,22,DC콤보,전라남도 목포시 수강로12번길 41 ,24시간 이용가능
목포경찰서,1,DC콤보,전라남도 목포시 동명로 124 ,24시간 이용가능
목포벤처문화산업지원센터주차장,1,DC콤보,전라남도 목포시 석현동 1175 ,24시간 이용가능
목포시종합관광안내소,1,DC차데모+AC3상+DC콤보,전라남도 목포시 영산로 843 ,24시간 이용가능
목포시종합사회복지관,1,DC콤보,전라남도 목포시 고하대로 712 ,24시간 이용가능
목포시청 주차장,21,DC콤보,전라남도 목포시 용당동 1206-1 ,24시간 이용가능
목포시청 주차장,22,DC콤보,전라남도 목포시 용당동 1206-1 ,24시간 이용가능
목포시청 주차장,23,DC콤보,전라남도 목포시 용당동 1206-1 ,24시간 이용가능
목포시청 주차장,24,DC콤보,전라남도 목포시 용당동 1206-1 ,24시간 이용가능
목포시청 주차장,25,DC콤보,전라남도 목포시 용당동 1206-1 ,24시간 이용가능
목포시청 주차장,26,DC콤보,전라남도 목포시 용당동 1206-1 ,24시간 이용가능
목포시청 주차장,27,DC콤보,전라남도 목포시 용당동 1206-1 ,24시간 이용가능
목포시청 주차장,28,DC콤보,전라남도 목포시 용당동 1206-1 ,24시간 이용가능
목포지방해양수산청,1,DC콤보,전라남도 목포시 통일대로 130 전라남도 목포시 통일대로 130,24시간 이용가능
목포지방해양수산청,2,DC콤보,전라남도 목포시 통일대로 130 전라남도 목포시 통일대로 130,24시간 이용가능
목포해양경찰서,21,DC콤보,전라남도 목포시 청호로 231 ,09:00 ~ 18:00
목포해양경찰서,22,DC콤보,전라남도 목포시 청호로 231 ,09:00 ~ 18:00
보리마당 주차장,1,DC콤보,전라남도 목포시 해안로127번길 7 ,24시간 이용가능
부주파출소,1,DC콤보,전라남도 목포시 남악1로42번길21 전라남도 목포시 남악1로42번길21,24시간 이용가능
비파공영주차장,1,DC콤보,전라남도 목포시 상동 32 ,24시간 이용가능
서해지방해양경찰청,21,DC콤보,전라남도 목포시 남악로162번길25 ,24시간 이용가능
서해지방해양경찰청,22,DC콤보,전라남도 목포시 남악로162번길25 ,24시간 이용가능
시외버스터미널공영주차장,1,DC차데모+AC3상+DC콤보,전라남도 목포시 상동 210-13 전라남도 목포시 상동 210-13,24시간 이용가능
유달산공원유료주차장,1,DC콤보,전라남도 목포시 측후동 4 ,24시간 이용가능
이로시장공영주차장,1,DC콤보,전라남도 목포시 용당동 993-2 ,24시간 이용가능
자유시장 공영주차장,1,DC콤보,전라남도 목포시 용당로 58 ,24시간 이용가능
죽동1공영주차장,1,DC차데모+AC3상+DC콤보,전라남도 목포시 마인계터로39번길 12 (죽동) 전라남도 목포시 마인계터로39번길 12 (죽동),24시간 이용가능
평화광장 공영1주차장,1,DC콤보,전라남도 목포시 옥암동 1100 ,24시간 이용가능
평화광장 공영1주차장,2,DC콤보,전라남도 목포시 옥암동 1100 ,24시간 이용가능
21세기충전소,1,DC콤보,전라남도 목포시 삼학로 233 21세기가스,24시간 이용가능
21세기충전소,2,DC콤보,전라남도 목포시 삼학로 233 21세기가스,24시간 이용가능
국립해양유산연구소(목포),1,AC완속,전라남도 목포시 남농로 136 ,24시간 이용가능
국립해양유산연구소(목포),2,AC완속,전라남도 목포시 남농로 136 ,24시간 이용가능
국립해양유산연구소(목포),3,DC콤보,전라남도 목포시 남농로 136 ,24시간 이용가능
국립해양유산연구소(목포),4,DC콤보,전라남도 목포시 남농로 136 ,24시간 이용가능
목포 건어물 젓갈센터,1,DC콤보,전라남도 목포시 수강로12번길 41 ,24시간 이용가능
목포 농수산물유통센터,1,AC완속,전라남도 목포시 선곡로 33 ,24시간 이용가능
목포 농수산물유통센터,2,AC완속,전라남도 목포시 선곡로 33 ,24시간 이용가능
목포 농수산물유통센터,3,AC완속,전라남도 목포시 선곡로 33 ,24시간 이용가능
목포 농수산물유통센터,4,AC완속,전라남도 목포시 선곡로 33 ,24시간 이용가능
목포 농수산물유통센터,5,AC완속,전라남도 목포시 선곡로 33 ,24시간 이용가능
목포 농수산물유통센터,6,AC완속,전라남도 목포시 선곡로 33 ,24시간 이용가능
목포 농수산물유통센터,7,AC완속,전라남도 목포시 선곡로 33 ,24시간 이용가능
목포 농수산물유통센터,8,AC완속,전라남도 목포시 선곡로 33 ,24시간 이용가능
목포 농수산물유통센터,9,DC콤보,전라남도 목포시 선곡로 33 ,24시간 이용가능
목포 농수산물유통센터,10,DC콤보,전라남도 목포시 선곡로 33 ,24시간 이용가능
목포 실내수영장,1,AC완속,전라남도 목포시 대양로 286 ,24시간 이용가능
목포 실내수영장,2,AC완속,전라남도 목포시 대양로 286 ,24시간 이용가능
목포 실내수영장,3,DC콤보,전라남도 목포시 대양로 286 ,24시간 이용가능
부주산 국민체육센터 (목포),1,AC완속,전라남도 목포시 부주로 312 ,24시간 이용가능
부주산 국민체육센터 (목포),2,AC완속,전라남도 목포시 부주로 312 ,24시간 이용가능
부주산 국민체육센터 (목포),3,DC콤보,전라남도 목포시 부주로 312 ,24시간 이용가능
유달산주차장(목포),1,DC콤보,전라남도 목포시 마인계터로 11 ,24시간 이용가능
목포 한국병원 급속충전기,1,DC콤보,전라남도 목포시 중화길 25-3 지상 주차장,24시간 이용가능
목포 한국병원 완속충전기,1,AC완속,전라남도 목포시 중화길 25-3 지상 주차장,24시간 이용가능
목포 한국병원 완속충전기,2,AC완속,전라남도 목포시 중화길 25-3 지상 주차장,24시간 이용가능
목포 한국병원 완속충전기,3,AC완속,전라남도 목포시 중화길 25-3 지상 주차장,24시간 이용가능
목포 한국병원 완속충전기,4,AC완속,전라남도 목포시 중화길 25-3 지상 주차장,24시간 이용가능
목포 한국병원 완속충전기,5,AC완속,전라남도 목포시 중화길 25-3 지상 주차장,24시간 이용가능
목포 한국병원 완속충전기,6,AC완속,전라남도 목포시 중화길 25-3 지상 주차장,24시간 이용가능
목포 한국병원 완속충전기,7,AC완속,전라남도 목포시 중화길 25-3 지상 주차장,24시간 이용가능
목포 한국병원 완속충전기,8,AC완속,전라남도 목포시 중화길 25-3 지상 주차장,24시간 이용가능
목포 한국병원 완속충전기,9,AC완속,전라남도 목포시 중화길 25-3 지상 주차장,24시간 이용가능
목포 한국병원 완속충전기,10,AC완속,전라남도 목포시 중화길 25-3 지상 주차장,24시간 이용가능
목포 한국병원 완속충전기,11,AC완속,전라남도 목포시 중화길 25-3 지상 주차장,24시간 이용가능
목포 한국병원 완속충전기,12,AC완속,전라남도 목포시 중화길 25-3 지상 주차장,24시간 이용가능
골드클래스7차아파트,1,AC완속,전라남도 목포시 연산백련로 22 ,24시간 이용가능
골드클래스7차아파트,2,AC완속,전라남도 목포시 연산백련로 22 ,24시간 이용가능
골드클래스7차아파트,3,AC완속,전라남도 목포시 연산백련로 22 ,24시간 이용가능
골드클래스7차아파트,4,AC완속,전라남도 목포시 연산백련로 22 ,24시간 이용가능
골드클래스7차아파트,5,AC완속,전라남도 목포시 연산백련로 22 ,24시간 이용가능
골드클래스7차아파트,6,AC완속,전라남도 목포시 연산백련로 22 ,24시간 이용가능
골드클래스7차아파트,7,AC완속,전라남도 목포시 연산백련로 22 ,24시간 이용가능
광명샤인빌1차아파트,1,AC완속,전라남도 목포시 석현로 38 ,24시간 이용가능
광명샤인빌1차아파트,2,AC완속,전라남도 목포시 석현로 38 ,24시간 이용가능
광명샤인빌1차아파트,3,AC완속,전라남도 목포시 석현로 38 ,24시간 이용가능
광명샤인빌1차아파트,4,AC완속,전라남도 목포시 석현로 38 ,24시간 이용가능
광명샤인빌1차아파트,5,AC완속,전라남도 목포시 석현로 38 ,24시간 이용가능
광명샤인빌2차,1,AC완속,전라남도 목포시 옥암로 165 ,24시간 이용가능
광명샤인빌2차,2,AC완속,전라남도 목포시 옥암로 165 ,24시간 이용가능
광명샤인빌2차,3,AC완속,전라남도 목포시 옥암로 165 ,24시간 이용가능
광명샤인빌2차,4,AC완속,전라남도 목포시 옥암로 165 ,24시간 이용가능
광명샤인빌2차,5,AC완속,전라남도 목포시 옥암로 165 ,24시간 이용가능
광명샤인빌2차,6,AC완속,전라남도 목포시 옥암로 165 ,24시간 이용가능
광신프로그레스아파트,1,AC완속,전라남도 목포시 백년대로 147 광신프로그레스아파트,24시간 이용가능
광신프로그레스아파트,2,AC완속,전라남도 목포시 백년대로 147 광신프로그레스아파트,24시간 이용가능
광신프로그레스아파트,3,AC완속,전라남도 목포시 백년대로 147 광신프로그레스아파트,24시간 이용가능
광신프로그레스아파트,4,AC완속,전라남도 목포시 백년대로 147 광신프로그레스아파트,24시간 이용가능
광신프로그레스아파트,5,AC완속,전라남도 목포시 백년대로 147 광신프로그레스아파트,24시간 이용가능
광신프로그레스아파트,6,AC완속,전라남도 목포시 백년대로 147 광신프로그레스아파트,24시간 이용가능
광신프로그레스아파트,7,AC완속,전라남도 목포시 백년대로 147 광신프로그레스아파트,24시간 이용가능
광신프로그레스아파트,8,AC완속,전라남도 목포시 백년대로 147 광신프로그레스아파트,24시간 이용가능
광신프로그레스아파트,9,AC완속,전라남도 목포시 백년대로 147 광신프로그레스아파트,24시간 이용가능
광신프로그레스아파트,10,AC완속,전라남도 목포시 백년대로 147 광신프로그레스아파트,24시간 이용가능
광신프로그레스아파트,11,AC완속,전라남도 목포시 백년대로 147 광신프로그레스아파트,24시간 이용가능
근화2차아파트,1,AC완속,전라남도 목포시 산정로 268-1 ,24시간 이용가능
근화2차아파트,2,AC완속,전라남도 목포시 산정로 268-1 ,24시간 이용가능
근화그린1차아파트,1,AC완속,전라남도 목포시 산정로 268-3 ,24시간 이용가능
근화그린1차아파트,2,AC완속,전라남도 목포시 산정로 268-3 ,24시간 이용가능
근화블루빌,1,AC완속,전라남도 목포시 텃골로13번길 26 ,24시간 이용가능
근화블루빌,2,AC완속,전라남도 목포시 텃골로13번길 26 ,24시간 이용가능
근화블루빌,3,AC완속,전라남도 목포시 텃골로13번길 26 ,24시간 이용가능
근화블루빌,4,AC완속,전라남도 목포시 텃골로13번길 26 ,24시간 이용가능
근화블루빌,5,AC완속,전라남도 목포시 텃골로13번길 26 ,24시간 이용가능
근화희망타운3차,1,AC완속,전라남도 목포시 산양로 50 ,24시간 이용가능
근화희망타운3차,2,AC완속,전라남도 목포시 산양로 50 ,24시간 이용가능
근화희망타운3차,3,AC완속,전라남도 목포시 산양로 50 ,24시간 이용가능
근화희망타운3차,4,AC완속,전라남도 목포시 산양로 50 ,24시간 이용가능
근화희망타운3차,5,AC완속,전라남도 목포시 산양로 50 ,24시간 이용가능
근화희망타운3차,6,AC완속,전라남도 목포시 산양로 50 ,24시간 이용가능
근화희망타운3차,7,AC완속,전라남도 목포시 산양로 50 ,24시간 이용가능
근화희망타운3차,8,AC완속,전라남도 목포시 산양로 50 ,24시간 이용가능
금호2차아파트,1,AC완속,전라남도 목포시 백년대로375번길 20 ,24시간 이용가능
금호2차아파트,2,AC완속,전라남도 목포시 백년대로375번길 20 ,24시간 이용가능
금호2차아파트,3,AC완속,전라남도 목포시 백년대로375번길 20 ,24시간 이용가능
금호2차아파트,4,AC완속,전라남도 목포시 백년대로375번길 20 ,24시간 이용가능
금호2차아파트,5,AC완속,전라남도 목포시 백년대로375번길 20 ,24시간 이용가능
금호2차아파트,6,AC완속,전라남도 목포시 백년대로375번길 20 ,24시간 이용가능
금호2차아파트,7,AC완속,전라남도 목포시 백년대로375번길 20 ,24시간 이용가능
꿈동산신안1차아파트,1,AC완속,전라남도 목포시 하당남부로 25 ,24시간 이용가능
꿈동산신안1차아파트,2,AC완속,전라남도 목포시 하당남부로 25 ,24시간 이용가능
꿈동산신안1차아파트,3,AC완속,전라남도 목포시 하당남부로 25 ,24시간 이용가능
꿈동산신안1차아파트,4,AC완속,전라남도 목포시 하당남부로 25 ,24시간 이용가능
꿈동산신안1차아파트,5,AC완속,전라남도 목포시 하당남부로 25 ,24시간 이용가능
남교크레지움에듀파크,1,AC완속,전라남도 목포시 호남로 6 ,24시간 이용가능
남교크레지움에듀파크,2,AC완속,전라남도 목포시 호남로 6 ,24시간 이용가능
남교크레지움에듀파크,3,AC완속,전라남도 목포시 호남로 6 ,24시간 이용가능
대성사랑으로,1,AC완속,전라남도 목포시 영산로 610 ,24시간 이용가능
대성사랑으로,2,AC완속,전라남도 목포시 영산로 610 ,24시간 이용가능
대성사랑으로,3,AC완속,전라남도 목포시 영산로 610 ,24시간 이용가능
대성사랑으로,4,AC완속,전라남도 목포시 영산로 610 ,24시간 이용가능
대성사랑으로,5,AC완속,전라남도 목포시 영산로 610 ,24시간 이용가능
대성사랑으로,6,AC완속,전라남도 목포시 영산로 610 ,24시간 이용가능
대송베스트빌,1,AC완속,전라남도 목포시 옥암로186번길 20-1 ,24시간 이용가능
대송베스트빌,2,AC완속,전라남도 목포시 옥암로186번길 20-1 ,24시간 이용가능
대송베스트빌,3,AC완속,전라남도 목포시 옥암로186번길 20-1 ,24시간 이용가능
라이프2차아파트,1,AC완속,전라남도 목포시 삼학로 376-1 ,24시간 이용가능
라이프2차아파트,2,AC완속,전라남도 목포시 삼학로 376-1 ,24시간 이용가능
라이프2차아파트,3,AC완속,전라남도 목포시 삼학로 376-1 ,24시간 이용가능
라이프2차아파트,4,AC완속,전라남도 목포시 삼학로 376-1 ,24시간 이용가능
라이프2차아파트,5,AC완속,전라남도 목포시 삼학로 376-1 ,24시간 이용가능
모아엘가에듀파크아파트,1,AC완속,전라남도 목포시 연산백련로1번길 69 ,24시간 이용가능
모아엘가에듀파크아파트,2,AC완속,전라남도 목포시 연산백련로1번길 69 ,24시간 이용가능
모아엘가에듀파크아파트,3,AC완속,전라남도 목포시 연산백련로1번길 69 ,24시간 이용가능
모아엘가에듀파크아파트,4,AC완속,전라남도 목포시 연산백련로1번길 69 ,24시간 이용가능
모아엘가에듀파크아파트,5,AC완속,전라남도 목포시 연산백련로1번길 69 ,24시간 이용가능
모아엘가에듀파크아파트,6,AC완속,전라남도 목포시 연산백련로1번길 69 ,24시간 이용가능
모아엘가에듀파크아파트,7,AC완속,전라남도 목포시 연산백련로1번길 69 ,24시간 이용가능
모아엘가에듀파크아파트,8,AC완속,전라남도 목포시 연산백련로1번길 69 ,24시간 이용가능
모아엘가에듀파크아파트,9,AC완속,전라남도 목포시 연산백련로1번길 69 ,24시간 이용가능
모아엘가에듀파크아파트,10,AC완속,전라남도 목포시 연산백련로1번길 69 ,24시간 이용가능
모아엘가에듀파크아파트,11,AC완속,전라남도 목포시 연산백련로1번길 69 ,24시간 이용가능
목포광명샤인빌1차아파트,1,AC완속,전라남도 목포시 석현로 42 ,24시간 이용가능
목포광명샤인빌1차아파트,2,AC완속,전라남도 목포시 석현로 42 ,24시간 이용가능
목포광명샤인빌1차아파트,3,AC완속,전라남도 목포시 석현로 42 ,24시간 이용가능
목포광명샤인빌1차아파트,4,AC완속,전라남도 목포시 석현로 42 ,24시간 이용가능
목포광명샤인빌1차아파트,5,AC완속,전라남도 목포시 석현로 42 ,24시간 이용가능
목포근화네오빌1차아파트,1,AC완속,전라남도 목포시 텃골로13번길 40 ,24시간 이용가능
목포근화네오빌1차아파트,2,AC완속,전라남도 목포시 텃골로13번길 40 ,24시간 이용가능
목포근화네오빌1차아파트,3,AC완속,전라남도 목포시 텃골로13번길 40 ,24시간 이용가능
목포근화네오빌1차아파트,4,AC완속,전라남도 목포시 텃골로13번길 40 ,24시간 이용가능
목포금호1차아파트,1,AC완속,전라남도 목포시 백년대로375번길 32 ,24시간 이용가능
목포금호1차아파트,2,AC완속,전라남도 목포시 백년대로375번길 32 ,24시간 이용가능
목포금호1차아파트,3,AC완속,전라남도 목포시 백년대로375번길 32 ,24시간 이용가능
목포금호1차아파트,4,AC완속,전라남도 목포시 백년대로375번길 32 ,24시간 이용가능
목포백련지구천년가아파트,1,AC완속,전라남도 목포시 연산백련로1번길 79 ,24시간 이용가능
목포백련지구천년가아파트,2,AC완속,전라남도 목포시 연산백련로1번길 79 ,24시간 이용가능
목포백련지구천년가아파트,3,AC완속,전라남도 목포시 연산백련로1번길 79 ,24시간 이용가능
목포백련지구천년가아파트,4,AC완속,전라남도 목포시 연산백련로1번길 79 ,24시간 이용가능
목포백련지구천년가아파트,5,AC완속,전라남도 목포시 연산백련로1번길 79 ,24시간 이용가능
목포백련지구천년가아파트,6,AC완속,전라남도 목포시 연산백련로1번길 79 ,24시간 이용가능
목포백련지구천년가아파트,7,AC완속,전라남도 목포시 연산백련로1번길 79 ,24시간 이용가능
목포백련지구천년가아파트,8,AC완속,전라남도 목포시 연산백련로1번길 79 ,24시간 이용가능
목포백련지구천년가아파트,9,AC완속,전라남도 목포시 연산백련로1번길 79 ,24시간 이용가능
목포백련지구천년가아파트,10,AC완속,전라남도 목포시 연산백련로1번길 79 ,24시간 이용가능
목포백련지구천년가아파트,11,AC완속,전라남도 목포시 연산백련로1번길 79 ,24시간 이용가능
목포비파3차아파트,1,AC완속,전라남도 목포시 백년대로337번길 9 ,24시간 이용가능
목포비파3차아파트,2,AC완속,전라남도 목포시 백년대로337번길 9 ,24시간 이용가능
목포비파3차아파트,3,AC완속,전라남도 목포시 백년대로337번길 9 ,24시간 이용가능
목포비파3차아파트,4,AC완속,전라남도 목포시 백년대로337번길 9 ,24시간 이용가능
목포비파3차아파트,5,AC완속,전라남도 목포시 백년대로337번길 9 ,24시간 이용가능
목포삼성아파트,1,AC완속,전라남도 목포시 부흥로 12 ,24시간 이용가능
목포삼성아파트,1,AC완속,전라남도 목포시 동명로 77 ,24시간 이용가능
목포삼성아파트,2,AC완속,전라남도 목포시 부흥로 12 ,24시간 이용가능
목포삼성아파트,2,AC완속,전라남도 목포시 동명로 77 ,24시간 이용가능
목포삼성아파트,3,AC완속,전라남도 목포시 부흥로 12 ,24시간 이용가능
목포삼성아파트,3,AC완속,전라남도 목포시 동명로 77 ,24시간 이용가능
목포삼성아파트,4,AC완속,전라남도 목포시 부흥로 12 ,24시간 이용가능
목포삼성아파트,5,AC완속,전라남도 목포시 부흥로 12 ,24시간 이용가능
목포삼성아파트,6,AC완속,전라남도 목포시 부흥로 12 ,24시간 이용가능
목포삼성아파트,7,AC완속,전라남도 목포시 부흥로 12 ,24시간 이용가능
목포삼성아파트,8,AC완속,전라남도 목포시 부흥로 12 ,24시간 이용가능
목포삼성아파트,9,AC완속,전라남도 목포시 부흥로 12 ,24시간 이용가능
목포삼성아파트,10,AC완속,전라남도 목포시 부흥로 12 ,24시간 이용가능
목포삼성아파트,11,AC완속,전라남도 목포시 부흥로 12 ,24시간 이용가능
목포삼성아파트,12,AC완속,전라남도 목포시 부흥로 12 ,24시간 이용가능
목포에드가채움아파트,1,AC완속,전라남도 목포시 소영길 43 ,24시간 이용가능
목포에드가채움아파트,2,AC완속,전라남도 목포시 소영길 43 ,24시간 이용가능
목포에드가채움아파트,3,AC완속,전라남도 목포시 소영길 43 ,24시간 이용가능
목포에드가채움아파트,4,AC완속,전라남도 목포시 소영길 43 ,24시간 이용가능
목포에드가채움아파트,5,AC완속,전라남도 목포시 소영길 43 ,24시간 이용가능
목포에드가채움아파트,6,AC완속,전라남도 목포시 소영길 43 ,24시간 이용가능
목포연산현대아파트,1,AC완속,전라남도 목포시 산정로 298 ,24시간 이용가능
목포연산현대아파트,2,AC완속,전라남도 목포시 산정로 298 ,24시간 이용가능
목포연산현대아파트,3,AC완속,전라남도 목포시 산정로 298 ,24시간 이용가능
목포연산현대아파트,4,AC완속,전라남도 목포시 산정로 298 ,24시간 이용가능
목포연산현대아파트,5,AC완속,전라남도 목포시 산정로 298 ,24시간 이용가능
목포우미파렌하이트아파트,1,AC완속,전라남도 목포시 남악2로22번길 15 ,24시간 이용가능
목포우미파렌하이트아파트,2,AC완속,전라남도 목포시 남악2로22번길 15 ,24시간 이용가능
목포우미파렌하이트아파트,3,AC완속,전라남도 목포시 남악2로22번길 15 ,24시간 이용가능
목포우미파렌하이트아파트,4,AC완속,전라남도 목포시 남악2로22번길 15 ,24시간 이용가능
목포우미파렌하이트아파트,5,AC완속,전라남도 목포시 남악2로22번길 15 ,24시간 이용가능
목포우미파렌하이트아파트,6,AC완속,전라남도 목포시 남악2로22번길 15 ,24시간 이용가능
목포우미파렌하이트아파트,7,AC완속,전라남도 목포시 남악2로22번길 15 ,24시간 이용가능
목포우미파렌하이트아파트,8,AC완속,전라남도 목포시 남악2로22번길 15 ,24시간 이용가능
목포우미파렌하이트아파트,9,AC완속,전라남도 목포시 남악2로22번길 15 ,24시간 이용가능
목포우미파렌하이트아파트,10,AC완속,전라남도 목포시 남악2로22번길 15 ,24시간 이용가능
목포우미파렌하이트아파트,11,AC완속,전라남도 목포시 남악2로22번길 15 ,24시간 이용가능
목포우미파렌하이트아파트,12,AC완속,전라남도 목포시 남악2로22번길 15 ,24시간 이용가능
목포우미파렌하이트아파트,13,AC완속,전라남도 목포시 남악2로22번길 15 ,24시간 이용가능
목포우미파렌하이트아파트,14,AC완속,전라남도 목포시 남악2로22번길 15 ,24시간 이용가능
목포우미파렌하이트아파트,15,AC완속,전라남도 목포시 남악2로22번길 15 ,24시간 이용가능
목포우미파렌하이트아파트,16,AC완속,전라남도 목포시 남악2로22번길 15 ,24시간 이용가능
목포우미파렌하이트아파트,17,AC완속,전라남도 목포시 남악2로22번길 15 ,24시간 이용가능
목포우미파렌하이트아파트,18,AC완속,전라남도 목포시 남악2로22번길 15 ,24시간 이용가능
목포우진아트빌,1,AC완속,전라남도 목포시 영산로609번길 5 ,24시간 이용가능
목포우진아트빌,2,AC완속,전라남도 목포시 영산로609번길 5 ,24시간 이용가능
목포우진아트빌,3,AC완속,전라남도 목포시 영산로609번길 5 ,24시간 이용가능
목포우진아트빌,4,AC완속,전라남도 목포시 영산로609번길 5 ,24시간 이용가능
목포우진아트빌,5,AC완속,전라남도 목포시 영산로609번길 5 ,24시간 이용가능
목포우진아트빌,6,AC완속,전라남도 목포시 영산로609번길 5 ,24시간 이용가능
목포우진아트빌,7,AC완속,전라남도 목포시 영산로609번길 5 ,24시간 이용가능
목포우진아트빌,8,AC완속,전라남도 목포시 영산로609번길 5 ,24시간 이용가능
목포제일5차풍경채,1,AC완속,전라남도 목포시 하당로289번길 25 ,24시간 이용가능
목포제일5차풍경채,2,AC완속,전라남도 목포시 하당로289번길 25 ,24시간 이용가능
목포제일5차풍경채,3,AC완속,전라남도 목포시 하당로289번길 25 ,24시간 이용가능
목포제일5차풍경채,4,AC완속,전라남도 목포시 하당로289번길 25 ,24시간 이용가능
목포제일5차풍경채,5,AC완속,전라남도 목포시 하당로289번길 25 ,24시간 이용가능
목포제일5차풍경채,6,AC완속,전라남도 목포시 하당로289번길 25 ,24시간 이용가능
목포하당5차우미파크빌,1,AC완속,전라남도 목포시 평화로20번길 11 ,24시간 이용가능
목포하당5차우미파크빌,2,AC완속,전라남도 목포시 평화로20번길 11 ,24시간 이용가능
목포하당5차우미파크빌,3,AC완속,전라남도 목포시 평화로20번길 11 ,24시간 이용가능
목포하당5차우미파크빌,4,AC완속,전라남도 목포시 평화로20번길 11 ,24시간 이용가능
목포하당5차우미파크빌,5,AC완속,전라남도 목포시 평화로20번길 11 ,24시간 이용가능
목포하당5차우미파크빌,6,AC완속,전라남도 목포시 평화로20번길 11 ,24시간 이용가능
목포하당5차우미파크빌,7,AC완속,전라남도 목포시 평화로20번길 11 ,24시간 이용가능
목포하당5차우미파크빌,8,AC완속,전라남도 목포시 평화로20번길 11 ,24시간 이용가능
목포하당중흥S클래스센텀뷰,1,AC완속,전라남도 목포시 비파로 96 ,24시간 이용가능
목포하당중흥S클래스센텀뷰,2,AC완속,전라남도 목포시 비파로 96 ,24시간 이용가능
목포하당중흥S클래스센텀뷰,3,AC완속,전라남도 목포시 비파로 96 ,24시간 이용가능
목포하당중흥S클래스센텀뷰,4,AC완속,전라남도 목포시 비파로 96 ,24시간 이용가능
목포하당중흥S클래스센텀뷰,5,AC완속,전라남도 목포시 비파로 96 ,24시간 이용가능
목포하당중흥S클래스센텀뷰,6,AC완속,전라남도 목포시 비파로 96 ,24시간 이용가능
목포하당중흥S클래스센텀뷰,7,AC완속,전라남도 목포시 비파로 96 ,24시간 이용가능
목포하당중흥S클래스센텀뷰,8,AC완속,전라남도 목포시 비파로 96 ,24시간 이용가능
목포하당중흥S클래스센텀뷰,9,AC완속,전라남도 목포시 비파로 96 ,24시간 이용가능
목포하당중흥S클래스센텀뷰,10,AC완속,전라남도 목포시 비파로 96 ,24시간 이용가능
목포하당중흥S클래스센텀뷰,11,AC완속,전라남도 목포시 비파로 96 ,24시간 이용가능
목포하당중흥S클래스센텀뷰,12,AC완속,전라남도 목포시 비파로 96 ,24시간 이용가능
목포하당중흥S클래스센텀뷰,13,AC완속,전라남도 목포시 비파로 96 ,24시간 이용가능
목포하당중흥S클래스센텀뷰,14,AC완속,전라남도 목포시 비파로 96 ,24시간 이용가능
목포하당중흥S클래스센텀뷰,15,AC완속,전라남도 목포시 비파로 96 ,24시간 이용가능
목포하당중흥S클래스센텀뷰,16,AC완속,전라남도 목포시 비파로 96 ,24시간 이용가능
목포하당중흥S클래스센텀뷰,17,AC완속,전라남도 목포시 비파로 96 ,24시간 이용가능
목포하당중흥S클래스센텀뷰,18,AC완속,전라남도 목포시 비파로 96 ,24시간 이용가능
목포하당중흥S클래스센텀뷰,19,AC완속,전라남도 목포시 비파로 96 ,24시간 이용가능
목포하당중흥S클래스센텀뷰,20,AC완속,전라남도 목포시 비파로 96 ,24시간 이용가능
목포하당풍경채어바니티,1,AC완속,전라남도 목포시 석현로25번길 9 ,24시간 이용가능
목포하당풍경채어바니티,2,AC완속,전라남도 목포시 석현로25번길 9 ,24시간 이용가능
목포하당풍경채어바니티,3,AC완속,전라남도 목포시 석현로25번길 9 ,24시간 이용가능
목포하당풍경채어바니티,4,AC완속,전라남도 목포시 석현로25번길 9 ,24시간 이용가능
목포하당풍경채어바니티,5,AC완속,전라남도 목포시 석현로25번길 9 ,24시간 이용가능
목포하당풍경채어바니티,6,AC완속,전라남도 목포시 석현로25번길 9 ,24시간 이용가능
목포하당풍경채어바니티,7,AC완속,전라남도 목포시 석현로25번길 9 ,24시간 이용가능
목포하당풍경채어바니티,8,AC완속,전라남도 목포시 석현로25번길 9 ,24시간 이용가능
목포하당풍경채어바니티,9,AC완속,전라남도 목포시 석현로25번길 9 ,24시간 이용가능
목포하당풍경채어바니티,10,AC완속,전라남도 목포시 석현로25번길 9 ,24시간 이용가능
목포하당풍경채어바니티,11,AC완속,전라남도 목포시 석현로25번길 9 ,24시간 이용가능
목포하당풍경채어바니티,12,AC완속,전라남도 목포시 석현로25번길 9 ,24시간 이용가능
목포하당풍경채어바니티,13,AC완속,전라남도 목포시 석현로25번길 9 ,24시간 이용가능
목포호텔청담,1,AC완속,전라남도 목포시 비파로124번길 6 ,24시간 이용가능
부영애시앙1차,1,AC완속,전라남도 목포시 당가두로13번길 35 ,24시간 이용가능
부영애시앙1차,2,AC완속,전라남도 목포시 당가두로13번길 35 ,24시간 이용가능
부영애시앙1차,3,AC완속,전라남도 목포시 당가두로13번길 35 ,24시간 이용가능
비파1차아파트,1,AC완속,전라남도 목포시 백년대로337번길 35 ,24시간 이용가능
비파1차아파트,2,AC완속,전라남도 목포시 백년대로337번길 35 ,24시간 이용가능
비파1차아파트,3,AC완속,전라남도 목포시 백년대로337번길 35 ,24시간 이용가능
비파1차아파트,4,AC완속,전라남도 목포시 백년대로337번길 35 ,24시간 이용가능
비파2차아파트,1,AC완속,전라남도 목포시 백년대로337번길 23 ,24시간 이용가능
비파2차아파트,2,AC완속,전라남도 목포시 백년대로337번길 23 ,24시간 이용가능
비파2차아파트,3,AC완속,전라남도 목포시 백년대로337번길 23 ,24시간 이용가능
산정현대아파트,1,AC완속,전라남도 목포시 죽산로40번길 24 ,24시간 이용가능
산정현대아파트,2,AC완속,전라남도 목포시 죽산로40번길 24 ,24시간 이용가능
산정현대아파트,3,AC완속,전라남도 목포시 죽산로40번길 24 ,24시간 이용가능
산정현대아파트,4,AC완속,전라남도 목포시 죽산로40번길 24 ,24시간 이용가능
산정현대아파트,5,AC완속,전라남도 목포시 죽산로40번길 24 ,24시간 이용가능
삼학타운아파트,1,AC완속,전라남도 목포시 용당로 73 ,24시간 이용가능
삼학타운아파트,2,AC완속,전라남도 목포시 용당로 73 ,24시간 이용가능
삼학타운아파트,3,AC완속,전라남도 목포시 용당로 73 ,24시간 이용가능
삼학타운아파트,4,AC완속,전라남도 목포시 용당로 73 ,24시간 이용가능
상동주공2차아파트,1,AC완속,전라남도 목포시 상동로 43 ,24시간 이용가능
상동주공2차아파트,2,AC완속,전라남도 목포시 상동로 43 ,24시간 이용가능
상동주공2차아파트,3,AC완속,전라남도 목포시 상동로 43 ,24시간 이용가능
상동주공2차아파트,4,AC완속,전라남도 목포시 상동로 43 ,24시간 이용가능
상동주공4단지,1,AC완속,전라남도 목포시 상동로 64 4단지,24시간 이용가능
상동주공4단지,2,AC완속,전라남도 목포시 상동로 64 4단지,24시간 이용가능
상동주공4단지,3,AC완속,전라남도 목포시 상동로 64 4단지,24시간 이용가능
상동주공4단지,4,AC완속,전라남도 목포시 상동로 64 4단지,24시간 이용가능
샹그리아호텔,1,AC완속,전라남도 목포시 평화로 87 ,24시간 이용가능
샹그리아호텔,2,AC완속,전라남도 목포시 평화로 87 ,24시간 이용가능
송광비치타운,1,AC완속,전라남도 목포시 유동로 7 ,24시간 이용가능
송광비치타운,2,AC완속,전라남도 목포시 유동로 7 ,24시간 이용가능
송광비치타운,3,AC완속,전라남도 목포시 유동로 7 ,24시간 이용가능
송광비치타운,4,AC완속,전라남도 목포시 유동로 7 ,24시간 이용가능
송광비치타운,5,AC완속,전라남도 목포시 유동로 7 ,24시간 이용가능
신안비치1차아파트,1,AC완속,전라남도 목포시 청호로 209 ,24시간 이용가능
신안비치1차아파트,2,AC완속,전라남도 목포시 청호로 209 ,24시간 이용가능
신안비치1차아파트,3,AC완속,전라남도 목포시 청호로 209 ,24시간 이용가능
신안비치1차아파트,4,AC완속,전라남도 목포시 청호로 209 ,24시간 이용가능
신안비치1차아파트,5,AC완속,전라남도 목포시 청호로 209 ,24시간 이용가능
신안비치1차아파트,6,AC완속,전라남도 목포시 청호로 209 ,24시간 이용가능
신안비치1차아파트,7,AC완속,전라남도 목포시 청호로 209 ,24시간 이용가능
신안비치1차아파트,8,AC완속,전라남도 목포시 청호로 209 ,24시간 이용가능
신안비치2차,1,AC완속,전라남도 목포시 고하대로 641-10 ,24시간 이용가능
신안비치2차,2,AC완속,전라남도 목포시 고하대로 641-10 ,24시간 이용가능
신안비치2차,3,AC완속,전라남도 목포시 고하대로 641-10 ,24시간 이용가능
신안비치2차,4,AC완속,전라남도 목포시 고하대로 641-10 ,24시간 이용가능
아이엠로즈빌 아파트,1,AC완속,전라남도 목포시 영산로 769-6 ,24시간 이용가능
아이엠로즈빌 아파트,2,AC완속,전라남도 목포시 영산로 769-6 ,24시간 이용가능
아이엠로즈빌 아파트,3,AC완속,전라남도 목포시 영산로 769-6 ,24시간 이용가능
아이엠로즈빌 아파트,4,AC완속,전라남도 목포시 영산로 769-6 ,24시간 이용가능
아이엠로즈빌 아파트,5,AC완속,전라남도 목포시 영산로 769-6 ,24시간 이용가능
에메랄드골드아파트,1,AC완속,전라남도 목포시 평화로 116 ,24시간 이용가능
에메랄드골드아파트,2,AC완속,전라남도 목포시 평화로 116 ,24시간 이용가능
연산골드클래스8차,1,AC완속,전라남도 목포시 산정로 308 ,24시간 이용가능
연산골드클래스8차,2,AC완속,전라남도 목포시 산정로 308 ,24시간 이용가능
연산골드클래스8차,3,AC완속,전라남도 목포시 산정로 308 ,24시간 이용가능
연산골드클래스8차,4,AC완속,전라남도 목포시 산정로 308 ,24시간 이용가능
연산골드클래스8차,5,AC완속,전라남도 목포시 산정로 308 ,24시간 이용가능
연산골드클래스8차아파트,1,AC완속,전라남도 목포시 산정로 308 ,24시간 이용가능
연산골드클래스8차아파트,2,AC완속,전라남도 목포시 산정로 308 ,24시간 이용가능
연산골드클래스8차아파트,3,AC완속,전라남도 목포시 산정로 308 ,24시간 이용가능
연산골드클래스8차아파트,4,AC완속,전라남도 목포시 산정로 308 ,24시간 이용가능
연산골드클래스8차아파트,5,AC완속,전라남도 목포시 산정로 308 ,24시간 이용가능
연산골드클래스8차아파트,6,AC완속,전라남도 목포시 산정로 308 ,24시간 이용가능
연산주공3단지,1,AC완속,전라남도 목포시 원산중앙로 87 ,24시간 이용가능
연산주공3단지,2,AC완속,전라남도 목포시 원산중앙로 87 ,24시간 이용가능
연산주공3단지,3,AC완속,전라남도 목포시 원산중앙로 87 ,24시간 이용가능
연산주공3단지,4,AC완속,전라남도 목포시 원산중앙로 87 ,24시간 이용가능
연산주공3단지,5,AC완속,전라남도 목포시 원산중앙로 87 ,24시간 이용가능
연산주공3단지,6,AC완속,전라남도 목포시 원산중앙로 87 ,24시간 이용가능
연산주공3단지,7,AC완속,전라남도 목포시 원산중앙로 87 ,24시간 이용가능
연산주공3단지,8,AC완속,전라남도 목포시 원산중앙로 87 ,24시간 이용가능
연산주공3단지,9,AC완속,전라남도 목포시 원산중앙로 87 ,24시간 이용가능
연산주공3단지,10,AC완속,전라남도 목포시 원산중앙로 87 ,24시간 이용가능
연산주공3단지,11,AC완속,전라남도 목포시 원산중앙로 87 ,24시간 이용가능
연산주공3단지,12,AC완속,전라남도 목포시 원산중앙로 87 ,24시간 이용가능
연산주공3단지,13,AC완속,전라남도 목포시 원산중앙로 87 ,24시간 이용가능
연산주공3단지,14,AC완속,전라남도 목포시 원산중앙로 87 ,24시간 이용가능
연산주공4단지,1,AC완속,전라남도 목포시 원산중앙로 87 ,24시간 이용가능
연산주공4단지,2,AC완속,전라남도 목포시 원산중앙로 87 ,24시간 이용가능
연산주공4단지,3,AC완속,전라남도 목포시 원산중앙로 87 ,24시간 이용가능
연산주공4단지,4,AC완속,전라남도 목포시 원산중앙로 87 ,24시간 이용가능
연산주공4단지,5,AC완속,전라남도 목포시 원산중앙로 87 ,24시간 이용가능
연산주공4단지,6,AC완속,전라남도 목포시 원산중앙로 87 ,24시간 이용가능
연산주공4단지,7,AC완속,전라남도 목포시 원산중앙로 87 ,24시간 이용가능
옥암베아채아파트,1,AC완속,전라남도 목포시 남악1로52번길 83 ,24시간 이용가능
옥암베아채아파트,2,AC완속,전라남도 목포시 남악1로52번길 83 ,24시간 이용가능
옥암베아채아파트,3,AC완속,전라남도 목포시 남악1로52번길 83 ,24시간 이용가능
옥암베아채아파트,4,AC완속,전라남도 목포시 남악1로52번길 83 ,24시간 이용가능
옥암베아채아파트,5,AC완속,전라남도 목포시 남악1로52번길 83 ,24시간 이용가능
옥암베아채아파트,6,AC완속,전라남도 목포시 남악1로52번길 83 ,24시간 이용가능
옥암베아채아파트,7,AC완속,전라남도 목포시 남악1로52번길 83 ,24시간 이용가능
옥암베아채아파트,8,AC완속,전라남도 목포시 남악1로52번길 83 ,24시간 이용가능
옥암베아채아파트,9,AC완속,전라남도 목포시 남악1로52번길 83 ,24시간 이용가능
옥암베아채아파트,10,AC완속,전라남도 목포시 남악1로52번길 83 ,24시간 이용가능
옥암베아채아파트,11,AC완속,전라남도 목포시 남악1로52번길 83 ,24시간 이용가능
옥암베아채아파트,12,AC완속,전라남도 목포시 남악1로52번길 83 ,24시간 이용가능
옥암베아채아파트,13,AC완속,전라남도 목포시 남악1로52번길 83 ,24시간 이용가능
옥암베아채아파트,14,AC완속,전라남도 목포시 남악1로52번길 83 ,24시간 이용가능
옥암베아채아파트,15,AC완속,전라남도 목포시 남악1로52번길 83 ,24시간 이용가능
옥암베아채아파트,16,AC완속,전라남도 목포시 남악1로52번길 83 ,24시간 이용가능
옥암베아채아파트,17,AC완속,전라남도 목포시 남악1로52번길 83 ,24시간 이용가능
옥암베아채아파트,18,AC완속,전라남도 목포시 남악1로52번길 83 ,24시간 이용가능
옥암베아채아파트,19,AC완속,전라남도 목포시 남악1로52번길 83 ,24시간 이용가능
옥암우방아이유쉘아파트,1,AC완속,전라남도 목포시 하당로289번길 19 ,24시간 이용가능
옥암우방아이유쉘아파트,2,AC완속,전라남도 목포시 하당로289번길 19 ,24시간 이용가능
옥암우방아이유쉘아파트,3,AC완속,전라남도 목포시 하당로289번길 19 ,24시간 이용가능
옥암우방아이유쉘아파트,4,AC완속,전라남도 목포시 하당로289번길 19 ,24시간 이용가능
옥암한국아델리움3차아파트,1,AC완속,전라남도 목포시 삼향천로 159 ,24시간 이용가능
옥암한국아델리움3차아파트,2,AC완속,전라남도 목포시 삼향천로 159 ,24시간 이용가능
옥암한국아델리움3차아파트,3,AC완속,전라남도 목포시 삼향천로 159 ,24시간 이용가능
옥암한국아델리움3차아파트,4,AC완속,전라남도 목포시 삼향천로 159 ,24시간 이용가능
옥암한국아델리움3차아파트,5,AC완속,전라남도 목포시 삼향천로 159 ,24시간 이용가능
옥암한국아델리움3차아파트,6,AC완속,전라남도 목포시 삼향천로 159 ,24시간 이용가능
옥암한국아델리움3차아파트,7,AC완속,전라남도 목포시 삼향천로 159 ,24시간 이용가능
용해골드디움6차아파트,1,AC완속,전라남도 목포시 용해지구로88번길 8 ,24시간 이용가능
용해골드디움6차아파트,2,AC완속,전라남도 목포시 용해지구로88번길 8 ,24시간 이용가능
용해골드디움6차아파트,3,AC완속,전라남도 목포시 용해지구로88번길 8 ,24시간 이용가능
용해골드디움6차아파트,4,AC완속,전라남도 목포시 용해지구로88번길 8 ,24시간 이용가능
용해골드디움6차아파트,5,AC완속,전라남도 목포시 용해지구로88번길 8 ,24시간 이용가능
용해동센트럴팰리체,1,AC완속,전라남도 목포시 송림로 85 ,24시간 이용가능
용해동센트럴팰리체,2,AC완속,전라남도 목포시 송림로 85 ,24시간 이용가능
용해동센트럴팰리체,3,AC완속,전라남도 목포시 송림로 85 ,24시간 이용가능
우미1차아파트,1,AC완속,전라남도 목포시 삼향천로 131 ,24시간 이용가능
우미1차아파트,2,AC완속,전라남도 목포시 삼향천로 131 ,24시간 이용가능
우미1차아파트,3,AC완속,전라남도 목포시 삼향천로 131 ,24시간 이용가능
우미2차아파트,1,AC완속,전라남도 목포시 삼향천로 113 ,24시간 이용가능
우미2차아파트,2,AC완속,전라남도 목포시 삼향천로 113 ,24시간 이용가능
우미2차아파트,3,AC완속,전라남도 목포시 삼향천로 113 ,24시간 이용가능
우성아파트,1,AC완속,전라남도 목포시 신흥로 13 ,24시간 이용가능
우성아파트,2,AC완속,전라남도 목포시 신흥로 13 ,24시간 이용가능
우성아파트,3,AC완속,전라남도 목포시 신흥로 13 ,24시간 이용가능
우성아파트,4,AC완속,전라남도 목포시 신흥로 13 ,24시간 이용가능
우성아파트,5,AC완속,전라남도 목포시 신흥로 13 ,24시간 이용가능
유달파크맨션,1,AC완속,전라남도 목포시 만세로 19 옥외주차장,24시간 이용가능
유달파크맨션,2,AC완속,전라남도 목포시 만세로 19 옥외주차장,24시간 이용가능
제일2차하이빌아파트,1,AC완속,전라남도 목포시 신흥로 113 ,24시간 이용가능
제일2차하이빌아파트,2,AC완속,전라남도 목포시 신흥로 113 ,24시간 이용가능
제일2차하이빌아파트,3,AC완속,전라남도 목포시 신흥로 113 ,24시간 이용가능
제일2차하이빌아파트,4,AC완속,전라남도 목포시 신흥로 113 ,24시간 이용가능
제일2차하이빌아파트,5,AC완속,전라남도 목포시 신흥로 113 ,24시간 이용가능
제일2차하이빌아파트,6,AC완속,전라남도 목포시 신흥로 113 ,24시간 이용가능
제일2차하이빌아파트,7,AC완속,전라남도 목포시 신흥로 113 ,24시간 이용가능
제일6단지풍경채아파트,1,AC완속,전라남도 목포시 옥암로 156 ,24시간 이용가능
제일6단지풍경채아파트,2,AC완속,전라남도 목포시 옥암로 156 ,24시간 이용가능
제일6단지풍경채아파트,3,AC완속,전라남도 목포시 옥암로 156 ,24시간 이용가능
제일6단지풍경채아파트,4,AC완속,전라남도 목포시 옥암로 156 ,24시간 이용가능
중앙하이츠,1,AC완속,전라남도 목포시 양을로41번길 42 ,24시간 이용가능
중앙하이츠,2,AC완속,전라남도 목포시 양을로41번길 42 ,24시간 이용가능
중앙하이츠,3,AC완속,전라남도 목포시 양을로41번길 42 ,24시간 이용가능
중앙하이츠,4,AC완속,전라남도 목포시 양을로41번길 42 ,24시간 이용가능
초원1차아파트,1,AC완속,전라남도 목포시 부흥로 28 ,24시간 이용가능
초원1차아파트,2,AC완속,전라남도 목포시 부흥로 28 ,24시간 이용가능
초원1차아파트,3,AC완속,전라남도 목포시 부흥로 28 ,24시간 이용가능
초원1차아파트,4,AC완속,전라남도 목포시 부흥로 28 ,24시간 이용가능
초원1차아파트,5,AC완속,전라남도 목포시 부흥로 28 ,24시간 이용가능
초원1차아파트,6,AC완속,전라남도 목포시 부흥로 28 ,24시간 이용가능
타이어나라 목포지점,1,AC완속,전라남도 목포시 영산로 712 ,24시간 이용가능
포미타운주공1단지,1,AC완속,전라남도 목포시 포미로 23 ,24시간 이용가능
포미타운주공1단지,2,AC완속,전라남도 목포시 포미로 23 ,24시간 이용가능
포미타운주공1단지,3,AC완속,전라남도 목포시 포미로 23 ,24시간 이용가능
포미타운주공1단지,4,AC완속,전라남도 목포시 포미로 23 ,24시간 이용가능
포미타운주공1단지,5,AC완속,전라남도 목포시 포미로 23 ,24시간 이용가능
포미타운주공1단지,6,AC완속,전라남도 목포시 포미로 23 ,24시간 이용가능
포미타운주공1단지,7,AC완속,전라남도 목포시 포미로 23 ,24시간 이용가능
포미타운주공1단지,8,AC완속,전라남도 목포시 포미로 23 ,24시간 이용가능
하당초원2차아파트,1,AC완속,전라남도 목포시 신흥로 93 ,24시간 이용가능
하당초원2차아파트,2,AC완속,전라남도 목포시 신흥로 93 ,24시간 이용가능
하당초원2차아파트,3,AC완속,전라남도 목포시 신흥로 93 ,24시간 이용가능
하당초원2차아파트,4,AC완속,전라남도 목포시 신흥로 93 ,24시간 이용가능
하당현대2차,1,AC완속,전라남도 목포시 삼향천로91번길 21 ,24시간 이용가능
하당현대2차,2,AC완속,전라남도 목포시 삼향천로91번길 21 ,24시간 이용가능
한광프라임빌,1,AC완속,전라남도 목포시 영산로692번길 8 ,24시간 이용가능
한광프라임빌,2,AC완속,전라남도 목포시 영산로692번길 8 ,24시간 이용가능
한광프라임빌,3,AC완속,전라남도 목포시 영산로692번길 8 ,24시간 이용가능
한국산업인력공단 전남서부지사,1,AC완속,전라남도 목포시 영산로 820 ,24시간 이용가능
한국산업인력공단 전남서부지사,2,AC완속,전라남도 목포시 영산로 820 ,24시간 이용가능
한국섬진흥원,1,AC완속,전라남도 목포시 삼학로92번길 6 ,24시간 이용가능
한국섬진흥원,2,AC완속,전라남도 목포시 삼학로92번길 6 ,24시간 이용가능
효사랑장례식장,1,AC완속,전라남도 목포시 백년대로231번길 13 ,24시간 이용가능
효사랑장례식장,2,AC완속,전라남도 목포시 백년대로231번길 13 ,24시간 이용가능
상동광신프로그레스,1,AC완속,전라남도 목포시 영산로565번길 23 상동 광신프로그레스 102동 앞 지상주차장,24시간 이용가능
상동광신프로그레스,2,AC완속,전라남도 목포시 영산로565번길 23 상동 광신프로그레스 102동 앞 지상주차장,24시간 이용가능
상동광신프로그레스,3,AC완속,전라남도 목포시 영산로565번길 23 상동 광신프로그레스 102동 앞 지상주차장,24시간 이용가능
상동광신프로그레스,4,AC완속,전라남도 목포시 영산로565번길 23 상동 광신프로그레스 102동 앞 지상주차장,24시간 이용가능
상동광신프로그레스,5,AC완속,전라남도 목포시 영산로565번길 23 상동 광신프로그레스 102동 앞 지상주차장,24시간 이용가능
상동광신프로그레스,6,AC완속,전라남도 목포시 영산로565번길 23 상동 광신프로그레스 102동 앞 지상주차장,24시간 이용가능
엠타운오피스텔,1,AC완속,"전라남도 목포시 신항로276번길 6 엠타운오피스텔 101동 앞,뒤 라인",24시간 이용가능
엠타운오피스텔,2,AC완속,"전라남도 목포시 신항로276번길 6 엠타운오피스텔 101동 앞,뒤 라인",24시간 이용가능
엠타운오피스텔,3,AC완속,"전라남도 목포시 신항로276번길 6 엠타운오피스텔 101동 앞,뒤 라인",24시간 이용가능
엠타운오피스텔,4,AC완속,"전라남도 목포시 신항로276번길 6 엠타운오피스텔 101동 앞,뒤 라인",24시간 이용가능
엠타운오피스텔,5,AC완속,"전라남도 목포시 신항로276번길 6 엠타운오피스텔 101동 앞,뒤 라인",24시간 이용가능
엠타운오피스텔,6,AC완속,"전라남도 목포시 신항로276번길 6 엠타운오피스텔 101동 앞,뒤 라인",24시간 이용가능
엠타운오피스텔,7,AC완속,"전라남도 목포시 신항로276번길 6 엠타운오피스텔 101동 앞,뒤 라인",24시간 이용가능
엠타운오피스텔,8,AC완속,"전라남도 목포시 신항로276번길 6 엠타운오피스텔 101동 앞,뒤 라인",24시간 이용가능
엠타운오피스텔,9,AC완속,"전라남도 목포시 신항로276번길 6 엠타운오피스텔 101동 앞,뒤 라인",24시간 이용가능
엠타운오피스텔,10,AC완속,"전라남도 목포시 신항로276번길 6 엠타운오피스텔 101동 앞,뒤 라인",24시간 이용가능
엠타운오피스텔,11,AC완속,"전라남도 목포시 신항로276번길 6 엠타운오피스텔 101동 앞,뒤 라인",24시간 이용가능
이마트목포점,1,AC완속,전라남도 목포시 옥암로 138 옥상주차장,10:00 ~ 22:00
이마트목포점,2,AC완속,전라남도 목포시 옥암로 138 옥상주차장,10:00 ~ 22:00
이마트목포점,3,AC완속,전라남도 목포시 옥암로 138 옥상주차장,10:00 ~ 22:00
이마트목포점,4,AC완속,전라남도 목포시 옥암로 138 옥상주차장,10:00 ~ 22:00
용해라이프1차아파트,1,AC완속,전라남도 목포시 용당로 323 용해라이프아파트,24시간 이용가능
용해라이프1차아파트,2,AC완속,전라남도 목포시 용당로 323 용해라이프아파트,24시간 이용가능
용해라이프1차아파트,3,AC완속,전라남도 목포시 용당로 323 용해라이프아파트,24시간 이용가능
"목포 하당제일1차아파트_101동,102동 사이",1,AC완속,전라남도 목포시 미항로 206 하당제일1차아파트,24시간 이용가능
"목포 하당제일1차아파트_101동,102동 사이",2,AC완속,전라남도 목포시 미항로 206 하당제일1차아파트,24시간 이용가능
"목포 하당제일1차아파트_102동,103동 사이",1,AC완속,전라남도 목포시 미항로 206 하당제일1차아파트,24시간 이용가능
"목포 하당제일1차아파트_102동,103동 사이",2,AC완속,전라남도 목포시 미항로 206 하당제일1차아파트,24시간 이용가능
"목포 하당제일1차아파트_102동,103동 사이",3,AC완속,전라남도 목포시 미항로 206 하당제일1차아파트,24시간 이용가능
목포 하당제일1차아파트_103동 뒤,1,AC완속,전라남도 목포시 미항로 206 하당제일1차아파트,24시간 이용가능
목포 하당제일1차아파트_103동 뒤,2,AC완속,전라남도 목포시 미항로 206 하당제일1차아파트,24시간 이용가능
목포 하당제일1차아파트_105동 앞,1,AC완속,전라남도 목포시 미항로 206 하당제일1차아파트,24시간 이용가능
목포 하당제일1차아파트_105동 앞,2,AC완속,전라남도 목포시 미항로 206 하당제일1차아파트,24시간 이용가능
목포 하당제일1차아파트_105동 앞,3,AC완속,전라남도 목포시 미항로 206 하당제일1차아파트,24시간 이용가능
로젠택배(목포),1,AC완속,전라남도 목포시 대양산단로125번길 24 내부 상차 레일에 마주보는 양측 기둥,24시간 이용가능
로젠택배(목포),2,AC완속,전라남도 목포시 대양산단로125번길 24 내부 상차 레일에 마주보는 양측 기둥,24시간 이용가능
로젠택배(목포),3,AC완속,전라남도 목포시 대양산단로125번길 24 내부 상차 레일에 마주보는 양측 기둥,24시간 이용가능
로젠택배(목포),4,AC완속,전라남도 목포시 대양산단로125번길 24 내부 상차 레일에 마주보는 양측 기둥,24시간 이용가능
로젠택배(목포),5,AC완속,전라남도 목포시 대양산단로125번길 24 내부 상차 레일에 마주보는 양측 기둥,24시간 이용가능
로젠택배(목포),6,AC완속,전라남도 목포시 대양산단로125번길 24 내부 상차 레일에 마주보는 양측 기둥,24시간 이용가능
목포라송센트럴카운티,1,AC완속,전라남도 목포시 양을로99번길 8 103동 5-6호라인,24시간 이용가능
목포라송센트럴카운티,2,AC완속,전라남도 목포시 양을로99번길 8 103동 5-6호라인,24시간 이용가능
목포라송센트럴카운티,3,AC완속,전라남도 목포시 양을로99번길 8 103동 5-6호라인,24시간 이용가능
한국교통안전공단 목포검사소,1,DC콤보,전라남도 목포시 옥암로 153 검사소내 주차장,24시간 이용가능
CJ대한통운 목포,1,AC완속,전라남도 목포시 대양산단로199번길 39 대한통운,24시간 이용가능
CJ대한통운 목포,2,AC완속,전라남도 목포시 대양산단로199번길 39 대한통운,24시간 이용가능
목포원예농협,1,DC콤보,전라남도 목포시 영산로 575 (상동 250-5) ,평일 09:00~18:00
KD빌리앙뜨,1,DC차데모+AC3상+DC콤보,전라남도 목포시 석현동 옥암로 174  지하,
KD빌리앙뜨,2,AC완속,전라남도 목포시 석현동 옥암로 174  지하,
고하도 해상케이블카,1,DC콤보,전라남도 목포시 고하도안길 185 ,24시간 이용가능
골드클래스7차아파트,1,DC차데모+AC3상+DC콤보,전라남도 목포시 연산동 1925 ,
골드클래스7차아파트,2,AC완속,전라남도 목포시 연산동 1925 ,
골드클래스7차아파트,3,AC완속,전라남도 목포시 연산동 1925 ,
국립해양 문화재연구소,1,DC콤보,전라남도 목포시 남농로 136 ,24시간 이용가능
국민건강보험공단,1,DC콤보,전라남도 목포시 삼향천로 171 ,24시간 이용가능
근화옥암베아채,1,DC차데모+AC3상+DC콤보,전라남도 목포시 남악1로52번길 83 ,24시간 이용가능
근화옥암베아채,2,AC완속,전라남도 목포시 남악1로52번길 83 ,24시간 이용가능
근화옥암베아채,3,AC완속,전라남도 목포시 남악1로52번길 83 ,24시간 이용가능
근화옥암베아채,4,AC완속,전라남도 목포시 남악1로52번길 83 ,24시간 이용가능
꿈동산 신안2차아파트,1,DC차데모+AC3상+DC콤보,전라남도 목포시 상동 1019 ,
꿈동산 신안2차아파트,2,AC완속,전라남도 목포시 상동 1019 ,
꿈동산 신안2차아파트,3,AC완속,전라남도 목포시 상동 1019 ,
꿈동산 신안2차아파트,4,AC완속,전라남도 목포시 상동 1019 ,
녹색에너지연구원,1,DC콤보,전라남도 목포시 삼향천로 177 ,24시간 이용가능
대성사랑으로,1,DC차데모+AC3상+DC콤보,전라남도 목포시 석현동 영산로 610  구내주차장,
동부시장공영주차장,1,DC차데모+AC3상+DC콤보,전라남도 목포시 영산로 257번길 15(동부시장 옆) ,
목포국제축구센터,1,DC콤보,전라남도 목포시 내화마을길 89 ,24시간 이용가능
목포국제축구센터,2,DC콤보,전라남도 목포시 내화마을길 89 ,24시간 이용가능
목포농협 하나로마트,1,DC차데모+AC3상+DC콤보,전라남도 목포시 영산로659 ,
목포농협 하나로마트,2,DC차데모+AC3상+DC콤보,전라남도 목포시 영산로659 ,
목포생활환경관리센터,1,DC콤보,전라남도 목포시 대양동 산94-5 ,24시간 이용가능
목포시청 민원주차장,1,DC차데모+AC3상+DC콤보,전라남도 목포시 양을로 203 목포시청 뒷편,06:00 ~ 23:00
목포옥암부영애시앙2차 아파트,2,AC완속,전라남도 목포시 옥암동 당가두로13번길 9  구내주차장,
목포옥암부영애시앙2차 아파트,3,AC완속,전라남도 목포시 옥암동 당가두로13번길 9  구내주차장,
목포옥암부영애시앙2차 아파트,4,AC완속,전라남도 목포시 옥암동 당가두로13번길 9  구내주차장,
목포유통센터,1,DC차데모+AC3상+DC콤보,전라남도 목포시 선곡로 33 ,
목포유통센터,2,DC차데모+AC3상+DC콤보,전라남도 목포시 선곡로 33 ,
목포지사,1,DC차데모+AC3상+DC콤보,전라남도 목포시 삼학로 370 우측 주차장,06:00 ~ 23:00
목포지사,2,DC차데모+AC3상+DC콤보,전라남도 목포시 삼학로 370 우측 주차장,06:00 ~ 23:00
목포지사,3,AC완속,전라남도 목포시 삼학로 370 우측 주차장,06:00 ~ 23:00
목포지사,4,AC완속,전라남도 목포시 삼학로 370 우측 주차장,06:00 ~ 23:00
목포지사,5,AC완속,전라남도 목포시 삼학로 370 우측 주차장,06:00 ~ 23:00
목포지사,6,AC완속,전라남도 목포시 삼학로 370 우측 주차장,06:00 ~ 23:00
목포지사(공용),1,DC차데모+AC3상+DC콤보,"전라남도 목포시 삼학로 370 (용해동, 한국전력공사목포지점) ",평일 09:00~18:00
목포지사(공용),2,DC차데모+AC3상+DC콤보,"전라남도 목포시 삼학로 370 (용해동, 한국전력공사목포지점) ",평일 09:00~18:00
부주동 행정복지센터,1,DC차데모+AC3상+DC콤보,전라남도 목포시 남악1로 51번가길 2(옥암동) ,
북항 해상케이블카,1,DC콤보,전라남도 목포시 해양대학로 240 북항 해상케이블카,24시간 이용가능
북항광장 공영주차장,1,DC차데모+AC3상+DC콤보,전라남도 목포시 죽교동 620-20 ,
상동 우성 아파트,1,DC차데모+AC3상+DC콤보,전라남도 목포시 상동 신흥로 13 상동 우성 APT 수변전실 입구 옆 주차장,24시간 이용가능
상동현대아파트,1,DC차데모+AC3상+DC콤보,전라남도 목포시 상동 764 ,
신안실크밸리7차,1,AC완속,전라남도 목포시 죽교동 704 ,
신안실크밸리7차,2,AC완속,전라남도 목포시 죽교동 704 ,
신안실크밸리7차,3,AC완속,전라남도 목포시 죽교동 704 ,
신흥동 주민센터,1,DC차데모+AC3상+DC콤보,전라남도 목포시 하당로 66(상동) ,
에메랄드퀸 주상복합아파트,1,AC완속,전라남도 목포시 상동 1139-7 ,
에메랄드퀸 주상복합아파트,2,AC완속,전라남도 목포시 상동 1139-7 ,
에메랄드퀸 주상복합아파트,3,AC완속,전라남도 목포시 상동 1139-7 ,
에메랄드퀸 주상복합아파트,4,AC완속,전라남도 목포시 상동 1139-7 ,
에메랄드퀸 주상복합아파트,5,AC완속,전라남도 목포시 상동 1139-7 ,
연산주공5단지아파트,1,DC차데모+AC3상+DC콤보,전라남도 목포시 연산동 1261 ,
옥암한국아델리움,1,DC차데모+AC3상+DC콤보,전라남도 목포시 옥암동 남악1로 15 지하 2층 주차장,24시간 이용가능
옥암한국아델리움,2,AC완속,전라남도 목포시 옥암동 남악1로 15 지하 2층 주차장,24시간 이용가능
옥암한국아델리움,3,AC완속,전라남도 목포시 옥암동 남악1로 15 지하 2층 주차장,24시간 이용가능
옥암한국아델리움,4,AC완속,전라남도 목포시 옥암동 남악1로 15 지하 2층 주차장,24시간 이용가능
우방아이유쉘아파트,1,AC완속,전라남도 목포시 옥암동 1397 ,
우방아이유쉘아파트,2,AC완속,전라남도 목포시 옥암동 1397 ,
우진아트빌아파트,1,AC완속,전라남도 목포시 석현동 816-17 ,
원형1공영주차장,1,DC차데모+AC3상+DC콤보,전라남도 목포시 상동 1133(롯데마트옆) ,24시간 이용가능
원형2공영주차장,1,DC차데모+AC3상+DC콤보,전라남도 목포시 원형로 42 ,24시간 이용가능
유달동 주민센터,1,DC콤보,전라남도 목포시 유동로 19 ,24시간 이용가능
이마트 목포점,1,DC차데모+AC3상+DC콤보,전라남도 목포시 옥암로 138 ,
이마트 목포점,2,DC차데모+AC3상+DC콤보,전라남도 목포시 옥암로 138 ,
자동차등록사무소,1,DC차데모+AC3상+DC콤보,전라남도 목포시 연산로 191(연산동) 자동차 등록사무소 입구,06:00 ~ 23:00
제일2차하이빌 아파트,1,DC차데모+AC3상+DC콤보,전라남도 목포시 옥암동 신흥로 113  P2 지하주차장 내,
제일2차하이빌 아파트,2,AC완속,전라남도 목포시 옥암동 신흥로 113  P2 지하주차장 내,
제일6단지풍경채아파트,1,AC완속,전라남도 목포시 옥암동 915-26 ,
제일6단지풍경채아파트,2,AC완속,전라남도 목포시 옥암동 915-26 ,
천년나무아파트,1,DC차데모+AC3상+DC콤보,전라남도 목포시 대성동 양을로 42  ,
초원골드맨션,1,AC완속,전라남도 목포시 대의동2가 1-10 ,
초원샤르망아파트,1,AC완속,전라남도 목포시 옥암동 965 ,
코아루천년가 아파트,1,DC차데모+AC3상+DC콤보,전라남도 목포시 옥암동 남악1로16번길 43-14  지하주차장 수전실 옆,24시간 이용가능
코아루천년가 아파트,2,AC완속,전라남도 목포시 옥암동 남악1로16번길 43-14  지하주차장 수전실 옆,24시간 이용가능
코아루천년가 아파트,3,AC완속,전라남도 목포시 옥암동 남악1로16번길 43-14  지하주차장 수전실 옆,24시간 이용가능
하당 금호2차아파트,1,DC차데모+AC3상+DC콤보,전라남도 목포시 옥암동 백년대로375번길 20 ,
한국농어촌공사 영산강사업단,1,DC콤보,전라남도 목포시 영산로 463 ,09:00~18:00
홈플러스 목포점,1,DC차데모+AC3상+DC콤보,전라남도 목포시 영산로 313  ,
목포수협주차장(대선),1,DC콤보,전라남도 목포시 죽교동 693-1 주차장,24시간 이용가능
목포수협주차장(대선),2,DC콤보,전라남도 목포시 죽교동 693-1 주차장,24시간 이용가능
목포수협주차장(대선),3,DC콤보,전라남도 목포시 죽교동 693-1 주차장,24시간 이용가능
넘버25호텔 목포상동점,1,AC완속,전라남도 목포시 비파로124번길 16-2 건물 앞 지상1층 주차장 ,24시간 이용가능
그리스호텔,1,AC완속,전라남도 목포시 비파로116번길 14 주차장,24시간 이용가능
그리스호텔,2,AC완속,전라남도 목포시 비파로116번길 14 주차장,24시간 이용가능
루벤스모텔,1,AC완속,전라남도 목포시 평화로61번길 4 실외주차장,24시간 이용가능
미르치과병원,1,AC완속,전라남도 목포시 백년대로 319(상동) ,24시간 이용가능
부영애시앙2차아파트,1,AC완속,전라남도 목포시 당가두로13번길 9 부영애시앙2차아파트,24시간 이용가능
부영애시앙2차아파트,2,AC완속,전라남도 목포시 당가두로13번길 9 부영애시앙2차아파트,24시간 이용가능
부영애시앙2차아파트,3,AC완속,전라남도 목포시 당가두로13번길 9 부영애시앙2차아파트,24시간 이용가능
부영애시앙2차아파트,4,AC완속,전라남도 목포시 당가두로13번길 9 부영애시앙2차아파트,24시간 이용가능
부영애시앙2차아파트,5,AC완속,전라남도 목포시 당가두로13번길 9 부영애시앙2차아파트,24시간 이용가능
부영애시앙2차아파트,6,AC완속,전라남도 목포시 당가두로13번길 9 부영애시앙2차아파트,24시간 이용가능
세븐무인텔,1,AC완속,전라남도 목포시 비파로116번길 16-1 주차장,24시간 이용가능
세븐무인텔,2,AC완속,전라남도 목포시 비파로116번길 16-1 주차장,24시간 이용가능
스위트모텔,1,AC완속,전라남도 목포시 해양대학로251번길 4-2 주차장,24시간 이용가능
스위트모텔,2,AC완속,전라남도 목포시 해양대학로251번길 4-2 주차장,24시간 이용가능
목포 스마트선박안전지원센터,1,DC차데모+AC3상+DC콤보,전라남도 목포시 고하대로597번길 75-53 목포 스마트선박안전지원센터,24시간 이용가능
목포 스마트선박안전지원센터,2,AC완속,전라남도 목포시 고하대로597번길 75-53 목포 스마트선박안전지원센터,24시간 이용가능
목포 스마트선박안전지원센터,3,AC완속,전라남도 목포시 고하대로597번길 75-53 목포 스마트선박안전지원센터,24시간 이용가능
목포 스마트선박안전지원센터,4,DC차데모+AC3상+DC콤보,전라남도 목포시 고하대로597번길 75-53 목포 스마트선박안전지원센터,24시간 이용가능
목포교육지원청,1,DC차데모+AC3상+DC콤보,전라남도 목포시 교육로 5 목포교육지원청 주차장,24시간 이용가능
목포덕인고등학교,1,AC완속,전라남도 목포시 죽선로 39-2 본관 주차장,24시간 이용가능
문태고등학교,1,DC콤보,전라남도 목포시 용당로 138 주차장,24시간 이용가능
문태고등학교,2,DC콤보,전라남도 목포시 용당로 138 주차장,24시간 이용가능
주노호텔,1,AC완속,전라남도 목포시 상리로 8-1 주노호텔,24시간 이용가능
주노호텔,2,AC완속,전라남도 목포시 상리로 8-1 주노호텔,24시간 이용가능
주노호텔,3,AC완속,전라남도 목포시 상리로 8-1 주노호텔,24시간 이용가능
주노호텔,4,AC완속,전라남도 목포시 상리로 8-1 주노호텔,24시간 이용가능
BMW차징스테이션 하당동아아파트,1,AC완속,전라남도 목포시 신흥로45번길 13 ,24시간 이용가능
BMW차징스테이션 하당동아아파트,2,AC완속,전라남도 목포시 신흥로45번길 13 ,24시간 이용가능
BMW차징스테이션 하당동아아파트,3,AC완속,전라남도 목포시 신흥로45번길 13 ,24시간 이용가능
BMW차징스테이션 하당동아아파트,4,AC완속,전라남도 목포시 신흥로45번길 13 ,24시간 이용가능
BMW차징스테이션 하당동아아파트,5,AC완속,전라남도 목포시 신흥로45번길 13 ,24시간 이용가능
BMW차징스테이션 하당동아아파트,6,AC완속,전라남도 목포시 신흥로45번길 13 ,24시간 이용가능
BMW차징스테이션 하당동아아파트,7,AC완속,전라남도 목포시 신흥로45번길 13 ,24시간 이용가능
BMW차징스테이션 하당동아아파트,8,AC완속,전라남도 목포시 신흥로45번길 13 ,24시간 이용가능
가톨릭목포성지,1,AC완속,전라남도 목포시 노송길 35 ,24시간 이용가능
가톨릭목포성지,2,AC완속,전라남도 목포시 노송길 35 ,24시간 이용가능
골드디움5차아파트,1,AC완속,전라남도 목포시 용해지구로88번길 23 지하주차장 D24기둥,09:00~18:00
골드디움5차아파트,2,AC완속,전라남도 목포시 용해지구로88번길 23 지하주차장 D24기둥,09:00~18:00
광명샤인빌,1,AC완속,전라남도 목포시 석현로 38 P2주차장물탱크옆,09:00~18:00
광명샤인빌,2,AC완속,전라남도 목포시 석현로 38 P2주차장물탱크옆,09:00~18:00
광명샤인빌,3,AC완속,전라남도 목포시 석현로 38 P2주차장물탱크옆,09:00~18:00
근화네오빌아파트,1,AC완속,전라남도 목포시 텃골로 13번길 36(석현동) 근화네오빌아파트 지하2주차장 지상통로 옆,09:00~18:00
근화네오빌아파트,2,AC완속,전라남도 목포시 텃골로 13번길 36(석현동) 근화네오빌아파트 지하2주차장 지상통로 옆,09:00~18:00
근화삼학베아채아파트,1,AC완속,전라남도 목포시 자유로 87 ,24시간 이용가능
근화삼학베아채아파트,2,AC완속,전라남도 목포시 자유로 87 ,24시간 이용가능
대양파크모텔,1,AC완속,전라남도 목포시 삼학로18번길 17 대양파크모텔,24시간 이용가능
대양파크모텔,2,AC완속,전라남도 목포시 삼학로18번길 17 대양파크모텔,24시간 이용가능
대한예수교장로회새목포제일교회,1,AC완속,전라남도 목포시 텃골로 5 ,24시간 이용가능
대한예수교장로회새목포제일교회,2,AC완속,전라남도 목포시 텃골로 5 ,24시간 이용가능
대한예수교장로회새목포제일교회,3,AC완속,전라남도 목포시 텃골로 5 ,24시간 이용가능
로얄호텔,1,AC완속,전라남도 목포시 통일대로 12 (상동),24시간 이용가능
로얄호텔,2,AC완속,전라남도 목포시 통일대로 12 (상동),24시간 이용가능
모아엘가1차아파트,1,AC완속,전라남도 목포시 남악2로22번길 58 ,24시간 이용가능
모아엘가1차아파트,2,AC완속,전라남도 목포시 남악2로22번길 58 ,24시간 이용가능
모아엘가1차아파트,3,AC완속,전라남도 목포시 남악2로22번길 58 ,24시간 이용가능
모아엘가1차아파트,4,AC완속,전라남도 목포시 남악2로22번길 58 ,24시간 이용가능
모아엘가1차아파트,5,AC완속,전라남도 목포시 남악2로22번길 58 ,24시간 이용가능
모아엘가1차아파트,6,AC완속,전라남도 목포시 남악2로22번길 58 ,24시간 이용가능
모아엘가1차아파트,7,AC완속,전라남도 목포시 남악2로22번길 58 ,24시간 이용가능
모아엘가1차아파트,8,AC완속,전라남도 목포시 남악2로22번길 58 ,24시간 이용가능
모아엘가1차아파트,9,AC완속,전라남도 목포시 남악2로22번길 58 ,24시간 이용가능
모아엘가1차아파트,10,AC완속,전라남도 목포시 남악2로22번길 58 ,24시간 이용가능
모아엘가1차아파트,11,AC완속,전라남도 목포시 남악2로22번길 58 ,24시간 이용가능
모아엘가1차아파트,12,AC완속,전라남도 목포시 남악2로22번길 58 ,24시간 이용가능
모아엘가1차아파트,13,AC완속,전라남도 목포시 남악2로22번길 58 ,24시간 이용가능
모아엘가1차아파트,14,AC완속,전라남도 목포시 남악2로22번길 58 ,24시간 이용가능
모아엘가1차아파트,15,AC완속,전라남도 목포시 남악2로22번길 58 ,24시간 이용가능
모아엘가1차아파트,16,AC완속,전라남도 목포시 남악2로22번길 58 ,24시간 이용가능
모아엘가1차아파트,17,AC완속,전라남도 목포시 남악2로22번길 58 ,24시간 이용가능
모아엘가1차아파트,18,AC완속,전라남도 목포시 남악2로22번길 58 ,24시간 이용가능
모아엘가1차아파트,19,AC완속,전라남도 목포시 남악2로22번길 58 ,24시간 이용가능
모아엘가1차아파트,20,AC완속,전라남도 목포시 남악2로22번길 58 ,24시간 이용가능
모아엘가1차아파트,21,AC완속,전라남도 목포시 남악2로22번길 58 ,24시간 이용가능
모아엘가1차아파트,22,AC완속,전라남도 목포시 남악2로22번길 58 ,24시간 이용가능
모아엘가1차아파트,23,AC완속,전라남도 목포시 남악2로22번길 58 ,24시간 이용가능
모아엘가1차아파트,24,AC완속,전라남도 목포시 남악2로22번길 58 ,24시간 이용가능
모아엘가1차아파트,25,AC완속,전라남도 목포시 남악2로22번길 58 ,24시간 이용가능
모아엘가1차아파트,26,AC완속,전라남도 목포시 남악2로22번길 58 ,24시간 이용가능
모아엘가1차아파트,27,AC완속,전라남도 목포시 남악2로22번길 58 ,24시간 이용가능
모아엘가1차아파트,28,AC완속,전라남도 목포시 남악2로22번길 58 ,24시간 이용가능
모아엘가1차아파트,29,AC완속,전라남도 목포시 남악2로22번길 58 ,24시간 이용가능
모아엘가1차아파트,30,AC완속,전라남도 목포시 남악2로22번길 58 ,24시간 이용가능
모아엘가1차아파트,31,AC완속,전라남도 목포시 남악2로22번길 58 ,24시간 이용가능
모아엘가1차아파트,32,AC완속,전라남도 목포시 남악2로22번길 58 ,24시간 이용가능
모아엘가1차아파트,33,AC완속,전라남도 목포시 남악2로22번길 58 ,24시간 이용가능
목포근화블루빌아파트,1,AC완속,전라남도 목포시 텃골로13번길 32 ,24시간 이용가능
목포근화블루빌아파트,2,AC완속,전라남도 목포시 텃골로13번길 32 ,24시간 이용가능
목포근화블루빌아파트,3,AC완속,전라남도 목포시 텃골로13번길 32 ,24시간 이용가능
목포근화블루빌아파트,4,AC완속,전라남도 목포시 텃골로13번길 32 ,24시간 이용가능
목포근화블루빌아파트,5,AC완속,전라남도 목포시 텃골로13번길 32 ,24시간 이용가능
목포근화블루빌아파트,6,AC완속,전라남도 목포시 텃골로13번길 32 ,24시간 이용가능
목포근화블루빌아파트,7,AC완속,전라남도 목포시 텃골로13번길 32 ,24시간 이용가능
목포근화블루빌아파트,8,AC완속,전라남도 목포시 텃골로13번길 32 ,24시간 이용가능
목포근화블루빌아파트,9,AC완속,전라남도 목포시 텃골로13번길 32 ,24시간 이용가능
목포근화블루빌아파트,10,AC완속,전라남도 목포시 텃골로13번길 32 ,24시간 이용가능
목포근화블루빌아파트,11,AC완속,전라남도 목포시 텃골로13번길 32 ,24시간 이용가능
목포동백아파트,1,AC완속,전라남도 목포시 삼학로183번길 14 ,24시간 이용가능
목포동백아파트,2,AC완속,전라남도 목포시 삼학로183번길 14 ,24시간 이용가능
목포상동호반리젠시빌,8,AC완속,전라남도 목포시 영산로535번길 6 ,24시간 이용가능
목포상동호반리젠시빌,9,AC완속,전라남도 목포시 영산로535번길 6 ,24시간 이용가능
목포상동호반리젠시빌,10,AC완속,전라남도 목포시 영산로535번길 6 ,24시간 이용가능
목포상동호반리젠시빌,11,AC완속,전라남도 목포시 영산로535번길 6 ,24시간 이용가능
목포상동호반리젠시빌,12,AC완속,전라남도 목포시 영산로535번길 6 ,24시간 이용가능
목포상동호반리젠시빌,13,AC완속,전라남도 목포시 영산로535번길 6 ,24시간 이용가능
목포상동호반리젠시빌,14,AC완속,전라남도 목포시 영산로535번길 6 ,24시간 이용가능
목포상동호반리젠시빌,15,AC완속,전라남도 목포시 영산로535번길 6 ,24시간 이용가능
목포상동호반리젠시빌,16,AC완속,전라남도 목포시 영산로535번길 6 ,24시간 이용가능
목포상동호반리젠시빌,17,AC완속,전라남도 목포시 영산로535번길 6 ,24시간 이용가능
목포상동호반리젠시빌,18,AC완속,전라남도 목포시 영산로535번길 6 ,24시간 이용가능
목포상동호반리젠시빌,19,AC완속,전라남도 목포시 영산로535번길 6 ,24시간 이용가능
목포상동호반리젠시빌,20,AC완속,전라남도 목포시 영산로535번길 6 ,24시간 이용가능
목포상동호반리젠시빌,21,AC완속,전라남도 목포시 영산로535번길 6 ,24시간 이용가능
목포상동호반리젠시빌,22,AC완속,전라남도 목포시 영산로535번길 6 ,24시간 이용가능
목포소방서,3,AC완속,전라남도 목포시 삼향천로 110 (옥암동),24시간 이용가능
목포소방서,4,AC완속,전라남도 목포시 삼향천로 110 (옥암동),24시간 이용가능
목포시 H호텔,1,AC완속,전라남도 목포시 비파로 124번길 16-1 ,24시간 이용가능
목포시 H호텔,2,AC완속,전라남도 목포시 비파로 124번길 16-1 ,24시간 이용가능
목포시 KD빌리앙뜨아파트,1,AC완속,전라남도 목포시 옥암로 174 ,24시간 이용가능
목포시 KD빌리앙뜨아파트,2,AC완속,전라남도 목포시 옥암로 174 ,24시간 이용가능
목포시 KD빌리앙뜨아파트,3,AC완속,전라남도 목포시 옥암로 174 ,24시간 이용가능
목포시 KD빌리앙뜨아파트,4,DC콤보,전라남도 목포시 옥암로 174 ,24시간 이용가능
목포시 VIP호텔,1,AC완속,전라남도 목포시 미항로 6 ,24시간 이용가능
목포시 VIP호텔,2,AC완속,전라남도 목포시 미항로 6 ,24시간 이용가능
목포시 게스트하우스예술촌,1,AC완속,전라남도 목포시 달성길 31-1 주차장,24시간 이용가능
목포시 골드디움3차,1,AC완속,전라남도 목포시 남악1로52번길 82 306동 1-2라인 입구,24시간 이용가능
목포시 골드디움3차,2,AC완속,전라남도 목포시 남악1로52번길 82 306동 1-2라인 입구,24시간 이용가능
목포시 골드디움6차,1,AC완속,전라남도 목포시 용해지구로88번길 8 602동 A15,24시간 이용가능
목포시 골드디움6차,2,AC완속,전라남도 목포시 용해지구로88번길 8 602동 A15,24시간 이용가능
목포시 금호어울림아파트,6,AC완속,전라남도 목포시 텃골로33번길 53 ,24시간 이용가능
목포시 금호어울림아파트,7,AC완속,전라남도 목포시 텃골로33번길 53 ,24시간 이용가능
목포시 금호어울림아파트,8,AC완속,전라남도 목포시 텃골로33번길 53 ,24시간 이용가능
목포시 금호어울림아파트,9,AC완속,전라남도 목포시 텃골로33번길 53 ,24시간 이용가능
목포시 금호어울림아파트,10,AC완속,전라남도 목포시 텃골로33번길 53 ,24시간 이용가능
목포시 금호어울림아파트,11,AC완속,전라남도 목포시 텃골로33번길 53 ,24시간 이용가능
목포시 금호어울림아파트,12,AC완속,전라남도 목포시 텃골로33번길 53 ,24시간 이용가능
목포시 금호어울림아파트,13,AC완속,전라남도 목포시 텃골로33번길 53 ,24시간 이용가능
목포시 금호어울림아파트,14,AC완속,전라남도 목포시 텃골로33번길 53 ,24시간 이용가능
목포시 금호어울림아파트,15,AC완속,전라남도 목포시 텃골로33번길 53 ,24시간 이용가능
목포시 금호어울림아파트,16,AC완속,전라남도 목포시 텃골로33번길 53 ,24시간 이용가능
목포시 금호어울림아파트,17,AC완속,전라남도 목포시 텃골로33번길 53 ,24시간 이용가능
목포시 금호어울림아파트,18,AC완속,전라남도 목포시 텃골로33번길 53 ,24시간 이용가능
목포시 금호어울림아파트,19,AC완속,전라남도 목포시 텃골로33번길 53 ,24시간 이용가능
목포시 금호어울림아파트,20,AC완속,전라남도 목포시 텃골로33번길 53 ,24시간 이용가능
목포시 금호어울림아파트,21,AC완속,전라남도 목포시 텃골로33번길 53 ,24시간 이용가능
목포시 맨하탄모텔,1,AC완속,전라남도 목포시 비파로124번길 5 주차장,24시간 이용가능
목포시 목포칼튼힐호텔,1,AC완속,전라남도 목포시 남악1로52번길 11-5 ,24시간 이용가능
목포시 목포칼튼힐호텔,2,AC완속,전라남도 목포시 남악1로52번길 11-5 ,24시간 이용가능
목포시 목포현대병원,1,AC완속,전라남도 목포시 용당로 322-1 ,24시간 이용가능
목포시 목포현대병원,2,AC완속,전라남도 목포시 용당로 322-1 ,24시간 이용가능
목포시 목포현대병원,3,AC완속,전라남도 목포시 용당로 322-1 ,24시간 이용가능
목포시 봉황장례식장,1,AC완속,전라남도 목포시 삼학로 154 ,24시간 이용가능
목포시 봉황장례식장,2,AC완속,전라남도 목포시 삼학로 154 ,24시간 이용가능
목포시 봉황장례식장,3,AC완속,전라남도 목포시 삼학로 154 ,24시간 이용가능
목포시 부영애시앙2차,1,AC완속,전라남도 목포시 당가두로13번길 9 P2 입구,24시간 이용가능
목포시 부영애시앙2차,2,AC완속,전라남도 목포시 당가두로13번길 9 P2 입구,24시간 이용가능
목포시 부영애시앙2차,3,AC완속,전라남도 목포시 당가두로13번길 9 P2 입구,24시간 이용가능
목포시 부영애시앙2차,4,AC완속,전라남도 목포시 당가두로13번길 9 P2 입구,24시간 이용가능
목포시 서해안장례식장,1,AC완속,전라남도 목포시 고하대로 797 ,24시간 이용가능
목포시 스카이모텔,1,AC완속,전라남도 목포시 신흥로59번길 15 주차장,24시간 이용가능
목포시 스카이모텔,2,AC완속,전라남도 목포시 신흥로59번길 15 주차장,24시간 이용가능
목포시 시티유료주차장,1,AC완속,전라남도 목포시 하당남부로51번길 22 주차장,24시간 이용가능
목포시 시티프라자,1,AC완속,전라남도 목포시 남악1로52번길 35-7 ,24시간 이용가능
목포시 시티프라자,2,AC완속,전라남도 목포시 남악1로52번길 35-7 ,24시간 이용가능
목포시 시티프라자,3,AC완속,전라남도 목포시 남악1로52번길 35-7 ,24시간 이용가능
목포시 시티호텔,1,AC완속,전라남도 목포시 번영로 26 주차장,24시간 이용가능
목포시 신안비치팔레스아파트,1,AC완속,전라남도 목포시 청호로 210 ,24시간 이용가능
목포시 신안비치팔레스아파트,2,AC완속,전라남도 목포시 청호로 210 ,24시간 이용가능
목포시 신안비치팔레스아파트,3,AC완속,전라남도 목포시 청호로 210 ,24시간 이용가능
목포시 신안비치팔레스아파트,4,AC완속,전라남도 목포시 청호로 210 ,24시간 이용가능
목포시 신안비치팔레스아파트,5,AC완속,전라남도 목포시 청호로 210 ,24시간 이용가능
목포시 신안비치팔레스아파트,6,AC완속,전라남도 목포시 청호로 210 ,24시간 이용가능
목포시 신안비치팔레스아파트,7,AC완속,전라남도 목포시 청호로 210 ,24시간 이용가능
목포시 신안비치팔레스아파트,8,AC완속,전라남도 목포시 청호로 210 ,24시간 이용가능
목포시 썸무인호텔,1,AC완속,전라남도 목포시 허사로 13 주차장,24시간 이용가능
목포시 엠유모텔,1,AC완속,전라남도 목포시 옥암로54번길 41 주차장,24시간 이용가능
목포시 엠유모텔,2,AC완속,전라남도 목포시 옥암로54번길 41 주차장,24시간 이용가능
목포시 옥암코아루,1,AC완속,전라남도 목포시 당가두로13번길 12 46번 주변,24시간 이용가능
목포시 옥암코아루,2,AC완속,전라남도 목포시 당가두로13번길 12 46번 주변,24시간 이용가능
목포시 옥암코아루,3,AC완속,전라남도 목포시 당가두로13번길 12 46번 주변,24시간 이용가능
목포시 우미파렌하이트아파트,1,AC완속,전라남도 목포시 남악2로22번길 15 주차장입구 C09,24시간 이용가능
목포시 우미파렌하이트아파트,2,AC완속,전라남도 목포시 남악2로22번길 15 주차장입구 C09,24시간 이용가능
목포시 우미파렌하이트아파트,3,AC완속,전라남도 목포시 남악2로22번길 15 주차장입구 C09,24시간 이용가능
목포시 우미파렌하이트아파트,4,AC완속,전라남도 목포시 남악2로22번길 15 주차장입구 C09,24시간 이용가능
목포시 우미파렌하이트아파트,5,AC완속,전라남도 목포시 남악2로22번길 15 주차장입구 C09,24시간 이용가능
목포시 우미파렌하이트아파트,6,AC완속,전라남도 목포시 남악2로22번길 15 주차장입구 C09,24시간 이용가능
목포시 우미파렌하이트아파트,7,AC완속,전라남도 목포시 남악2로22번길 15 주차장입구 C09,24시간 이용가능
목포시 우미파렌하이트아파트,8,AC완속,전라남도 목포시 남악2로22번길 15 주차장입구 C09,24시간 이용가능
목포시 케이티목포지사,1,AC완속,전라남도 목포시 영산로 118 ,24시간 이용가능
목포시 케이티목포지사,2,AC완속,전라남도 목포시 영산로 118 ,24시간 이용가능
목포시 케이티목포지사,3,AC완속,전라남도 목포시 영산로 118 ,24시간 이용가능
목포시 텐호텔,1,AC완속,전라남도 목포시 삼향천로 61 주차장,24시간 이용가능
목포시 텐호텔,2,AC완속,전라남도 목포시 삼향천로 61 주차장,24시간 이용가능
목포시 트윈스타아파트,1,AC완속,"전라남도 목포시 수문로 32 지하1층 2기, 지하4층 2기",24시간 이용가능
목포시 트윈스타아파트,2,AC완속,"전라남도 목포시 수문로 32 지하1층 2기, 지하4층 2기",24시간 이용가능
목포시 트윈스타아파트,3,AC완속,"전라남도 목포시 수문로 32 지하1층 2기, 지하4층 2기",24시간 이용가능
목포시 트윈스타아파트,4,AC완속,"전라남도 목포시 수문로 32 지하1층 2기, 지하4층 2기",24시간 이용가능
목포시 포미타운주공1단지,8,AC완속,전라남도 목포시 포미로 23 108동주차장,24시간 이용가능
목포시 포미타운주공1단지,9,AC완속,전라남도 목포시 포미로 23 108동주차장,24시간 이용가능
목포시 포미타운주공1단지,10,AC완속,전라남도 목포시 포미로 23 108동주차장,24시간 이용가능
목포시 포미타운주공1단지,11,AC완속,전라남도 목포시 포미로 23 108동주차장,24시간 이용가능
목포시 포미타운주공1단지,12,AC완속,전라남도 목포시 포미로 23 108동주차장,24시간 이용가능
목포시 포미타운주공1단지,13,AC완속,전라남도 목포시 포미로 23 108동주차장,24시간 이용가능
목포시 포미타운주공1단지,14,AC완속,전라남도 목포시 포미로 23 108동주차장,24시간 이용가능
목포시 프라도호텔,1,AC완속,전라남도 목포시 번영로 24 주차장,24시간 이용가능
목포시 하당제일풍경채3차,1,AC완속,전라남도 목포시 하당로289번길 6 302동 주차장,24시간 이용가능
목포시 하당제일풍경채3차,2,AC완속,전라남도 목포시 하당로289번길 6 302동 주차장,24시간 이용가능
목포시 하당제일풍경채3차,3,AC완속,전라남도 목포시 하당로289번길 6 302동 주차장,24시간 이용가능
목포시 하당제일풍경채3차,4,AC완속,전라남도 목포시 하당로289번길 6 302동 주차장,24시간 이용가능
목포시 하당제일풍경채3차,5,AC완속,전라남도 목포시 하당로289번길 6 302동 주차장,24시간 이용가능
목포시 하당제일풍경채3차,6,AC완속,전라남도 목포시 하당로289번길 6 302동 주차장,24시간 이용가능
목포시 하당제일풍경채3차,7,AC완속,전라남도 목포시 하당로289번길 6 302동 주차장,24시간 이용가능
목포시 하당제일풍경채3차,8,AC완속,전라남도 목포시 하당로289번길 6 302동 주차장,24시간 이용가능
목포시 하얀목화밭펜션,1,AC완속,전라남도 목포시 고하도길 57 주차장,24시간 이용가능
목포시 한성타워맨션,1,AC완속,전라남도 목포시 원산로 59번길 14 ,24시간 이용가능
목포시 한성타워맨션,2,AC완속,전라남도 목포시 원산로 59번길 14 ,24시간 이용가능
목포시 한성타워맨션,3,AC완속,전라남도 목포시 원산로 59번길 14 ,24시간 이용가능
목포시 한성타워맨션,4,AC완속,전라남도 목포시 원산로 59번길 14 ,24시간 이용가능
목포시 호반리젠시빌스위트,1,AC완속,"전라남도 목포시 용당로331번길 88 1P B2,2P B2,3P B2,4P B1",24시간 이용가능
목포시 호반리젠시빌스위트,2,AC완속,"전라남도 목포시 용당로331번길 88 1P B2,2P B2,3P B2,4P B1",24시간 이용가능
목포시 호반리젠시빌스위트,3,AC완속,"전라남도 목포시 용당로331번길 88 1P B2,2P B2,3P B2,4P B1",24시간 이용가능
목포시 호반리젠시빌스위트,4,AC완속,"전라남도 목포시 용당로331번길 88 1P B2,2P B2,3P B2,4P B1",24시간 이용가능
목포시 호텔야자목포평화광장점,1,AC완속,전라남도 목포시 하당남부로61번길 3 주차장,24시간 이용가능
목포오션호텔,1,AC완속,전라남도 목포시 해안로279번길 3 ,24시간 이용가능
목포오션호텔,2,AC완속,전라남도 목포시 해안로279번길 3 ,24시간 이용가능
부영애시앙일차아파트,1,AC완속,"전라남도 목포시 당가두로13번길 35 (옥암동, 부영애시앙) ",
부영애시앙일차아파트,2,AC완속,"전라남도 목포시 당가두로13번길 35 (옥암동, 부영애시앙) ",
부영애시앙일차아파트,3,AC완속,"전라남도 목포시 당가두로13번길 35 (옥암동, 부영애시앙) ",
삼학119안전센타,1,AC완속,전라남도 목포시 삼학로 218 (산정동),24시간 이용가능
삼학119안전센타,2,AC완속,전라남도 목포시 삼학로 218 (산정동),24시간 이용가능
새한의료재단 목포성심요양병원,1,AC완속,전라남도 목포시 산계길 4-9 새한의료재단 목포성심요양병원,08:00~20:00
새한의료재단 목포성심요양병원,2,AC완속,전라남도 목포시 산계길 4-9 새한의료재단 목포성심요양병원,08:00~20:00
새한의료재단 목포성심요양병원B,1,AC완속,전라남도 목포시 산계길 4-9 새한의료재단 목포성심요양병원,08:00~20:00
새한의료재단 목포성심요양병원B,2,AC완속,전라남도 목포시 산계길 4-9 새한의료재단 목포성심요양병원,08:00~20:00
서희스타힐스,1,AC완속,전라남도 목포시 영산로 719-29 ,00:00~24:00
서희스타힐스,2,AC완속,전라남도 목포시 영산로 719-29 ,00:00~24:00
서희스타힐스,3,AC완속,전라남도 목포시 영산로 719-29 ,00:00~24:00
서희스타힐스,4,AC완속,전라남도 목포시 영산로 719-29 ,00:00~24:00
서희스타힐스,5,AC완속,전라남도 목포시 영산로 719-29 ,00:00~24:00
서희스타힐스,6,AC완속,전라남도 목포시 영산로 719-29 ,00:00~24:00
서희스타힐스아파트,1,AC완속,전라남도 목포시 영산로 719-29 ,24시간 이용가능
서희스타힐스아파트,2,AC완속,전라남도 목포시 영산로 719-29 ,24시간 이용가능
서희스타힐스아파트,3,AC완속,전라남도 목포시 영산로 719-29 ,24시간 이용가능
서희스타힐스아파트,4,AC완속,전라남도 목포시 영산로 719-29 ,24시간 이용가능
서희스타힐스아파트,5,AC완속,전라남도 목포시 영산로 719-29 ,24시간 이용가능
서희스타힐스아파트,6,AC완속,전라남도 목포시 영산로 719-29 ,24시간 이용가능
서희스타힐스아파트,7,AC완속,전라남도 목포시 영산로 719-29 ,24시간 이용가능
서희스타힐스아파트,8,AC완속,전라남도 목포시 영산로 719-29 ,24시간 이용가능
서희스타힐스아파트,9,AC완속,전라남도 목포시 영산로 719-29 ,24시간 이용가능
서희스타힐스아파트,10,AC완속,전라남도 목포시 영산로 719-29 ,24시간 이용가능
서희스타힐스아파트,11,AC완속,전라남도 목포시 영산로 719-29 ,24시간 이용가능
서희스타힐스아파트,12,AC완속,전라남도 목포시 영산로 719-29 ,24시간 이용가능
서희스타힐스아파트,13,AC완속,전라남도 목포시 영산로 719-29 ,24시간 이용가능
서희스타힐스아파트,14,AC완속,전라남도 목포시 영산로 719-29 ,24시간 이용가능
서희스타힐스아파트,15,AC완속,전라남도 목포시 영산로 719-29 ,24시간 이용가능
서희스타힐스아파트,16,AC완속,전라남도 목포시 영산로 719-29 ,24시간 이용가능
석현현대,1,AC완속,전라남도 목포시 영산로 676-7 석현현대,08:00~20:00
석현현대,2,AC완속,전라남도 목포시 영산로 676-7 석현현대,08:00~20:00
석현현대,3,AC완속,전라남도 목포시 영산로 676-7 석현현대,08:00~20:00
선그린골프클럽,1,AC완속,전라남도 목포시 대양로 139 ,24시간 이용가능
선그린골프클럽,2,AC완속,전라남도 목포시 대양로 139 ,24시간 이용가능
선그린골프클럽,3,AC완속,전라남도 목포시 대양로 139 ,24시간 이용가능
선그린골프클럽,4,AC완속,전라남도 목포시 대양로 139 ,24시간 이용가능
수창해뜨레아파트,1,AC완속,전라남도 목포시 석현로45번길 19 ,24시간 이용가능
수창해뜨레아파트,2,AC완속,전라남도 목포시 석현로45번길 19 ,24시간 이용가능
스타팰리스오피스텔2동,2,AC완속,전라남도 목포시 석현로 18-2 ,24시간 이용가능
신안비치팔레스2차아파트,1,AC완속,"전라남도 목포시 청호로220번길 5 (산정동, 신안비치팔레스아파트) ",24시간 이용가능
신항만뉴캐슬오션시티2차아파트,1,AC완속,전라남도 목포시 허사로57번길 15 ,24시간 이용가능
신항만뉴캐슬오션시티2차아파트,2,AC완속,전라남도 목포시 허사로57번길 15 ,24시간 이용가능
신항만뉴캐슬오션시티2차아파트,3,AC완속,전라남도 목포시 허사로57번길 15 ,24시간 이용가능
신항만뉴캐슬오션시티2차아파트,4,AC완속,전라남도 목포시 허사로57번길 15 ,24시간 이용가능
신항만뉴캐슬오션시티2차아파트,5,AC완속,전라남도 목포시 허사로57번길 15 ,24시간 이용가능
신항만뉴캐슬오션시티2차아파트,6,AC완속,전라남도 목포시 허사로57번길 15 ,24시간 이용가능
신항만뉴캐슬오션시티2차아파트,7,AC완속,전라남도 목포시 허사로57번길 15 ,24시간 이용가능
신항만뉴캐슬오션시티2차아파트,8,AC완속,전라남도 목포시 허사로57번길 15 ,24시간 이용가능
신항만뉴캐슬오션시티2차아파트,9,AC완속,전라남도 목포시 허사로57번길 15 ,24시간 이용가능
옥암2차한국아델리움,1,AC완속,전라남도 목포시 옥암로 150 ,24시간 이용가능
옥암2차한국아델리움,2,AC완속,전라남도 목포시 옥암로 150 ,24시간 이용가능
옥암2차한국아델리움,3,AC완속,전라남도 목포시 옥암로 150 ,24시간 이용가능
옥암2차한국아델리움,4,AC완속,전라남도 목포시 옥암로 150 ,24시간 이용가능
옥암2차한국아델리움,5,AC완속,전라남도 목포시 옥암로 150 ,24시간 이용가능
옥암2차한국아델리움,6,AC완속,전라남도 목포시 옥암로 150 ,24시간 이용가능
옥암푸르지오,1,AC완속,"전라남도 목포시 남악1로 51 1주차장B1C5기둥,2주차장B1O5기둥",09:00~18:00
옥암푸르지오,2,AC완속,"전라남도 목포시 남악1로 51 1주차장B1C5기둥,2주차장B1O5기둥",09:00~18:00
옥암푸르지오,3,AC완속,"전라남도 목포시 남악1로 51 1주차장B1C5기둥,2주차장B1O5기둥",09:00~18:00
옥암푸르지오,4,AC완속,"전라남도 목포시 남악1로 51 1주차장B1C5기둥,2주차장B1O5기둥",09:00~18:00
옥암푸르지오,5,AC완속,"전라남도 목포시 남악1로 51 1주차장B1C5기둥,2주차장B1O5기둥",09:00~18:00
용해지구천년가맘스카운티아파트,1,AC완속,전라남도 목포시 용해지구로88번길 7 ,24시간 이용가능
용해지구천년가맘스카운티아파트,2,AC완속,전라남도 목포시 용해지구로88번길 7 ,24시간 이용가능
용해지구천년가맘스카운티아파트,3,AC완속,전라남도 목포시 용해지구로88번길 7 ,24시간 이용가능
용해지구천년가맘스카운티아파트,4,AC완속,전라남도 목포시 용해지구로88번길 7 ,24시간 이용가능
용해지구천년가맘스카운티아파트,5,AC완속,전라남도 목포시 용해지구로88번길 7 ,24시간 이용가능
용해지구천년가맘스카운티아파트,6,AC완속,전라남도 목포시 용해지구로88번길 7 ,24시간 이용가능
용해지구천년가맘스카운티아파트,7,AC완속,전라남도 목포시 용해지구로88번길 7 ,24시간 이용가능
일신아파트,1,AC완속,전라남도 목포시 양을로 91 ,24시간 이용가능
일신아파트,2,AC완속,전라남도 목포시 양을로 91 ,24시간 이용가능
일신아파트,3,AC완속,전라남도 목포시 양을로 91 ,24시간 이용가능
트윈스타,1,AC완속,전라남도 목포시 수문로 32 지하주차장 B4 102동 출입구 옆,09:00~18:00
트윈스타,2,AC완속,전라남도 목포시 수문로 32 지하주차장 B4 102동 출입구 옆,09:00~18:00
폰타나비치관광호텔,1,AC완속,전라남도 목포시 평화로 69 ,24시간 이용가능
폰타나비치관광호텔,2,AC완속,전라남도 목포시 평화로 69 ,24시간 이용가능
하당센트럴팰리체2차주상복합아파트,1,AC완속,전라남도 목포시 양을로 514 ,24시간 이용가능
하당센트럴팰리체2차주상복합아파트,2,AC완속,전라남도 목포시 양을로 514 ,24시간 이용가능
하당센트럴팰리체아파트,1,AC완속,전라남도 목포시 양을로 508 ,24시간 이용가능
하당센트럴팰리체아파트,2,AC완속,전라남도 목포시 양을로 508 ,24시간 이용가능
하당우미블루빌3차아파트,1,AC완속,전라남도 목포시 평화로153번길 9 ,24시간 이용가능
하당우미블루빌3차아파트,2,AC완속,전라남도 목포시 평화로153번길 9 ,24시간 이용가능
하당우미블루빌3차아파트,3,AC완속,전라남도 목포시 평화로153번길 9 ,24시간 이용가능
하당우미블루빌3차아파트,4,AC완속,전라남도 목포시 평화로153번길 9 ,24시간 이용가능
하당우미블루빌3차아파트,5,AC완속,전라남도 목포시 평화로153번길 9 ,24시간 이용가능
하당우미블루빌3차아파트,6,AC완속,전라남도 목포시 평화로153번길 9 ,24시간 이용가능
하당우미블루빌3차아파트,7,AC완속,전라남도 목포시 평화로153번길 9 ,24시간 이용가능
하당우미블루빌3차아파트,8,AC완속,전라남도 목포시 평화로153번길 9 ,24시간 이용가능
하당우미블루빌3차아파트,9,AC완속,전라남도 목포시 평화로153번길 9 ,24시간 이용가능
하당우미블루빌3차아파트,10,AC완속,전라남도 목포시 평화로153번길 9 ,24시간 이용가능
하당현대2차,1,AC완속,전라남도 목포시 삼향천로91번길 21 ,00:00~24:00
하당현대2차,2,AC완속,전라남도 목포시 삼향천로91번길 21 ,00:00~24:00
하당현대2차,3,AC완속,전라남도 목포시 삼향천로91번길 21 ,00:00~24:00
하당현대2차,4,AC완속,전라남도 목포시 삼향천로91번길 21 ,00:00~24:00
하당현대2차,5,AC완속,전라남도 목포시 삼향천로91번길 21 ,00:00~24:00
하당현대2차,6,AC완속,전라남도 목포시 삼향천로91번길 21 ,00:00~24:00
한국농어촌공사영산강사업단,1,AC완속,전라남도 목포시 영산로 463 (상동),24시간 이용가능
한국농어촌공사영산강사업단,2,AC완속,전라남도 목포시 영산로 463 (상동),24시간 이용가능
금강자동차,1,DC콤보(완속),전라남도 목포시 영산로 715 금강자동차,24시간 이용가능
준모텔,1,AC완속,전라남도 목포시 영산로 499 ,24시간 이용가능
목포 해양대학교 해양공학관 A9동,1,DC콤보,전라남도 목포시 해양대학로 91 해양공학관 A9동,24시간 이용가능
목포 해양대학교 해양공학관 A9동,2,DC콤보,전라남도 목포시 해양대학로 91 해양공학관 A9동,24시간 이용가능
전남 목포시 교육로 51 (저압수용가),1,AC완속,전남 목포시 교육로 51 전남 목포시 교육로 51 (저압수용가),평일 09:00~18:00
전남 목포시 신촌로13번길 5 (저압수용가),1,AC완속,전남 목포시 신촌로13번길 5 전남 목포시 신촌로13번길 5 (저압수용가),평일 09:00~18:00
목포용해금호아파트,1,AC완속,"전라남도 목포시 삼학로 331 (용해동, 금호타운) ",24시간 이용가능
목포용해금호아파트,2,AC완속,"전라남도 목포시 삼학로 331 (용해동, 금호타운) ",24시간 이용가능
목포용해금호아파트,3,AC완속,"전라남도 목포시 삼학로 331 (용해동, 금호타운) ",24시간 이용가능
목포용해금호아파트,4,AC완속,"전라남도 목포시 삼학로 331 (용해동, 금호타운) ",24시간 이용가능
목포용해금호아파트,5,AC완속,"전라남도 목포시 삼학로 331 (용해동, 금호타운) ",24시간 이용가능
목포용해금호아파트,6,AC완속,"전라남도 목포시 삼학로 331 (용해동, 금호타운) ",24시간 이용가능
목포용해금호아파트,7,AC완속,"전라남도 목포시 삼학로 331 (용해동, 금호타운) ",24시간 이용가능
목포공업고등학교 전기차 충전소,1,DC콤보,전라남도 목포시 용당로 100 (용당동),24시간 이용가능
광주전남)목포 지점,1,AC완속,전라남도 목포시 영산로 489  ,평일 08:30~17:30
국민서관(입주사 전용),1,AC완속,전라남도 목포시 번영로 167 ,24시간 이용가능
기아 목포지점(임직원 전용),1,AC완속,전라남도 목포시 백년대로 282 지상주차장,24시간 이용가능
기아 목포지점(임직원 전용),2,AC완속,전라남도 목포시 백년대로 282 지상주차장,24시간 이용가능
기아 목포지점(임직원 전용),3,AC완속,전라남도 목포시 백년대로 282 지상주차장,24시간 이용가능
기아 목포지점(임직원 전용),4,AC완속,전라남도 목포시 백년대로 282 지상주차장,24시간 이용가능
기아오토큐 목포서비스,1,DC차데모+DC콤보,전라남도 목포시 남악로58번길 10 ,24시간 이용가능
기아자동차 하당대리점,1,DC콤보,전라남도 목포시 옥암로 53 ,24시간 이용가능
라이프1차아파트(입주민 전용),1,AC완속,전라남도 목포시 용당로 323 ,24시간 이용가능
롯데렌터카 목포사업장(입주사 전용),1,DC콤보,전라남도 목포시 백년대로 272 ,24시간 이용가능
롯데렌터카 목포사업장(입주사 전용),2,DC콤보,전라남도 목포시 백년대로 272 ,24시간 이용가능
명도복지관,1,DC콤보,전라남도 목포시 산정로 199번길 25 지상주차장,24시간 이용가능
명도복지관,2,DC콤보,전라남도 목포시 산정로 199번길 25 지상주차장,24시간 이용가능
명도복지관,3,AC완속,전라남도 목포시 산정로 199번길 25 지상주차장,24시간 이용가능
목포석현동센트럴카운티 2차(입주민 전용),1,AC완속,전라남도 목포시 청호로136번길 22 ,24시간 이용가능
목포석현동센트럴카운티 2차(입주민 전용),2,AC완속,전라남도 목포시 청호로136번길 22 ,24시간 이용가능
목포석현동센트럴카운티 2차(입주민 전용),3,AC완속,전라남도 목포시 청호로136번길 22 ,24시간 이용가능
목포석현동센트럴카운티 2차(입주민 전용),4,AC완속,전라남도 목포시 청호로136번길 22 ,24시간 이용가능
목포석현동센트럴카운티 2차(입주민 전용),5,AC완속,전라남도 목포시 청호로136번길 22 ,24시간 이용가능
목포석현동센트럴카운티 3차(입주민 전용),1,AC완속,전라남도 목포시 석현로45번길 22-10 ,24시간 이용가능
목포석현동센트럴카운티 3차(입주민 전용),2,AC완속,전라남도 목포시 석현로45번길 22-10 ,24시간 이용가능
목포석현동센트럴카운티 3차(입주민 전용),3,AC완속,전라남도 목포시 석현로45번길 22-10 ,24시간 이용가능
목포석현동센트럴카운티 3차(입주민 전용),4,AC완속,전라남도 목포시 석현로45번길 22-10 ,24시간 이용가능
목포석현동센트럴카운티 3차(입주민 전용),5,AC완속,전라남도 목포시 석현로45번길 22-10 ,24시간 이용가능
목포석현동센트럴카운티 5차(입주민 전용),1,AC완속,전라남도 목포시 영산로 648-24 ,24시간 이용가능
목포석현동센트럴카운티 5차(입주민 전용),2,AC완속,전라남도 목포시 영산로 648-24 ,24시간 이용가능
목포석현동센트럴카운티 5차(입주민 전용),3,AC완속,전라남도 목포시 영산로 648-24 ,24시간 이용가능
목포석현동센트럴카운티 5차(입주민 전용),4,AC완속,전라남도 목포시 영산로 648-24 ,24시간 이용가능
목포석현동센트럴카운티 5차(입주민 전용),5,AC완속,전라남도 목포시 영산로 648-24 ,24시간 이용가능
목포시종합사회복지관,1,AC완속,전라남도 목포시 고하대로 712 ,24시간 이용가능
목포이랜드노인복지관,1,DC콤보,전남 목포시 용당로161번길 14 주차장,24시간 이용가능
목포이랜드노인복지관,2,DC콤보,전남 목포시 용당로161번길 14 주차장,24시간 이용가능
목포이랜드노인복지관,3,AC완속,전남 목포시 용당로161번길 14 주차장,24시간 이용가능
보보스모텔,1,AC완속,전라남도 목포시 하당남부로51번길 3 ,24시간 이용가능
보보스모텔,2,AC완속,전라남도 목포시 하당남부로51번길 3 ,24시간 이용가능
에코호텔,1,AC완속,전라남도 목포시 비파로124번길 11 ,24시간 이용가능
에코호텔,2,AC완속,전라남도 목포시 비파로124번길 11 ,24시간 이용가능
이마트 목포점,1,DC콤보,전라남도 목포시 옥암로 138 이마트 목포점,10:00 ~ 22:00
이마트 목포점,2,DC콤보,전라남도 목포시 옥암로 138 이마트 목포점,10:00 ~ 22:00
이마트 목포점,3,DC콤보,전라남도 목포시 옥암로 138 이마트 목포점,10:00 ~ 22:00
이마트 목포점,4,DC콤보,전라남도 목포시 옥암로 138 이마트 목포점,10:00 ~ 22:00
이마트 목포점,5,DC콤보,전라남도 목포시 옥암로 138 이마트 목포점,10:00 ~ 22:00
이마트 목포점,6,DC콤보,전라남도 목포시 옥암로 138 이마트 목포점,10:00 ~ 22:00
현대 목포지점(현대차 전용),1,DC콤보,전라남도 목포시 남악로 123 ,24시간 이용가능
현대 목포지점(현대차 전용),2,DC콤보,전라남도 목포시 남악로 123 ,24시간 이용가능
현대블루핸즈 동양자동차정비㈜,1,DC콤보,전라남도 목포시 녹색로 126 ,24시간 이용가능
현대자동차 목포하당지점,1,DC콤보,전라남도 목포시 백년대로279번길 1 주차장,24시간 이용가능
현대자동차 목포하당지점,2,DC콤보,전라남도 목포시 백년대로279번길 1 주차장,24시간 이용가능
현대자동차 북항대리점,1,DC콤보,전라남도 목포시 산정로 283 주차장,24시간 이용가능
현대자동차 북항대리점,2,DC콤보,전라남도 목포시 산정로 283 주차장,24시간 이용가능
현대자동차 블루핸즈 목포산정점,1,DC콤보,전라남도 목포시 용당로 8 ,24시간 이용가능
현대자동차 블루핸즈 목포산정점,2,DC콤보,전라남도 목포시 용당로 8 ,24시간 이용가능
현대자동차블루핸즈 삽진공업사,1,DC콤보,전라남도 목포시 대양로13번길 12 현대자동차블루핸즈 삽진공업사,24시간 이용가능
현대자동차블루핸즈 삽진공업사,2,DC콤보,전라남도 목포시 대양로13번길 12 현대자동차블루핸즈 삽진공업사,24시간 이용가능
전기안전공사 전남서부지사2,1,AC완속,전라남도 목포시 호남로 72 주차장 내,24시간 이용가능
전기안전공사 전남서부지사2,2,AC완속,전라남도 목포시 호남로 72 주차장 내,24시간 이용가능
전기안전공사 전남서부지사2,3,AC완속,전라남도 목포시 호남로 72 주차장 내,24시간 이용가능
전남목포 가톨릭대학교,1,AC완속,전라남도 목포시 영산로 697 야외주차장,24시간 이용가능
전남목포 가톨릭대학교,2,AC완속,전라남도 목포시 영산로 697 야외주차장,24시간 이용가능
전남목포 가톨릭대학교,3,AC완속,전라남도 목포시 영산로 697 야외주차장,24시간 이용가능
전남목포 골드디움5차아파트 1,1,AC완속,전라남도 목포시 용해지구로88번길 23 504동 앞 주차장 (지상),24시간 이용가능
전남목포 골드디움5차아파트 1,2,AC완속,전라남도 목포시 용해지구로88번길 23 504동 앞 주차장 (지상),24시간 이용가능
전남목포 골드디움5차아파트 1,3,AC완속,전라남도 목포시 용해지구로88번길 23 504동 앞 주차장 (지상),24시간 이용가능
전남목포 골드디움5차아파트 2,1,AC완속,전라남도 목포시 용해지구로88번길 23 506동 앞 주차장 (지상),24시간 이용가능
전남목포 골드디움5차아파트 2,2,AC완속,전라남도 목포시 용해지구로88번길 23 506동 앞 주차장 (지상),24시간 이용가능
전남목포 골드디움5차아파트 2,3,AC완속,전라남도 목포시 용해지구로88번길 23 506동 앞 주차장 (지상),24시간 이용가능
전남목포 골드디움5차아파트 3,1,AC완속,전라남도 목포시 용해지구로88번길 23 508동 앞 주차장 (지하),24시간 이용가능
전남목포 골드디움5차아파트 3,2,AC완속,전라남도 목포시 용해지구로88번길 23 508동 앞 주차장 (지하),24시간 이용가능
전남목포 골드디움5차아파트 3,3,AC완속,전라남도 목포시 용해지구로88번길 23 508동 앞 주차장 (지하),24시간 이용가능
전남목포 골드클래스9차아파트,1,AC완속,"전라남도 목포시 연산백련로1번길 111 (연산동, 골드클래스9차아파트) 905동 1,2라인 입구 앞 1대",24시간 이용가능
전남목포 국민은행 목포종합금융센터,1,AC완속,전라남도 목포시 백년대로 310 (상동) 지하1층 출차램프 앞,24시간 이용가능
전남목포 근화네오빌2차아파트 1,1,AC완속,전라남도 목포시 텃골로 19 지상1층 노인회관 앞,24시간 이용가능
전남목포 근화네오빌2차아파트 1,2,AC완속,전라남도 목포시 텃골로 19 지상1층 노인회관 앞,24시간 이용가능
전남목포 근화네오빌2차아파트 1,3,AC완속,전라남도 목포시 텃골로 19 지상1층 노인회관 앞,24시간 이용가능
전남목포 근화네오빌2차아파트 1,4,AC완속,전라남도 목포시 텃골로 19 지상1층 노인회관 앞,24시간 이용가능
전남목포 근화네오빌2차아파트 1,5,AC완속,전라남도 목포시 텃골로 19 지상1층 노인회관 앞,24시간 이용가능
전남목포 근화네오빌2차아파트 1,6,AC완속,전라남도 목포시 텃골로 19 지상1층 노인회관 앞,24시간 이용가능
전남목포 근화네오빌2차아파트 1,7,AC완속,전라남도 목포시 텃골로 19 지상1층 노인회관 앞,24시간 이용가능
전남목포 근화네오빌2차아파트 1,8,AC완속,전라남도 목포시 텃골로 19 지상1층 노인회관 앞,24시간 이용가능
전남목포 근화네오빌2차아파트 1,9,AC완속,전라남도 목포시 텃골로 19 지상1층 노인회관 앞,24시간 이용가능
전남목포 근화네오빌2차아파트 2,1,AC완속,전라남도 목포시 텃골로 19 205동 뒷편 우측 ( 분전함 근처 ),24시간 이용가능
전남목포 근화네오빌2차아파트 2,2,AC완속,전라남도 목포시 텃골로 19 205동 뒷편 우측 ( 분전함 근처 ),24시간 이용가능
전남목포 근화네오빌2차아파트 2,3,AC완속,전라남도 목포시 텃골로 19 205동 뒷편 우측 ( 분전함 근처 ),24시간 이용가능
전남목포 근화네오빌2차아파트 2,4,AC완속,전라남도 목포시 텃골로 19 205동 뒷편 우측 ( 분전함 근처 ),24시간 이용가능
전남목포 근화네오빌2차아파트 2,5,AC완속,전라남도 목포시 텃골로 19 205동 뒷편 우측 ( 분전함 근처 ),24시간 이용가능
전남목포 근화네오빌2차아파트 2,6,AC완속,전라남도 목포시 텃골로 19 205동 뒷편 우측 ( 분전함 근처 ),24시간 이용가능
전남목포 근화네오빌2차아파트 2,7,AC완속,전라남도 목포시 텃골로 19 205동 뒷편 우측 ( 분전함 근처 ),24시간 이용가능
전남목포 근화네오빌2차아파트 2,8,AC완속,전라남도 목포시 텃골로 19 205동 뒷편 우측 ( 분전함 근처 ),24시간 이용가능
전남목포 근화네오빌2차아파트 2,9,AC완속,전라남도 목포시 텃골로 19 205동 뒷편 우측 ( 분전함 근처 ),24시간 이용가능
전남목포 근화네오빌2차아파트 3,1,AC완속,전라남도 목포시 텃골로 19 205동 뒷편 좌측 ( 입구 ),24시간 이용가능
전남목포 근화네오빌2차아파트 3,2,AC완속,전라남도 목포시 텃골로 19 205동 뒷편 좌측 ( 입구 ),24시간 이용가능
전남목포 근화네오빌2차아파트 3,3,AC완속,전라남도 목포시 텃골로 19 205동 뒷편 좌측 ( 입구 ),24시간 이용가능
전남목포 근화네오빌2차아파트 3,4,AC완속,전라남도 목포시 텃골로 19 205동 뒷편 좌측 ( 입구 ),24시간 이용가능
전남목포 근화네오빌2차아파트 3,5,AC완속,전라남도 목포시 텃골로 19 205동 뒷편 좌측 ( 입구 ),24시간 이용가능
전남목포 근화희망타운1차아파트,1,AC완속,전라남도 목포시 산양로 40 103동앞,24시간 이용가능
전남목포 근화희망타운1차아파트,2,AC완속,전라남도 목포시 산양로 40 103동앞,24시간 이용가능
전남목포 근화희망타운1차아파트,3,AC완속,전라남도 목포시 산양로 40 103동앞,24시간 이용가능
전남목포 근화희망타운1차아파트2,1,AC완속,전라남도 목포시 산양로 40 ,24시간 이용가능
전남목포 꿈동산신안2차1,1,AC완속,전라남도 목포시 하당로 14 ,24시간 이용가능
전남목포 꿈동산신안2차1,2,AC완속,전라남도 목포시 하당로 14 ,24시간 이용가능
전남목포 꿈동산신안2차1,3,AC완속,전라남도 목포시 하당로 14 ,24시간 이용가능
전남목포 꿈동산신안2차1,4,AC완속,전라남도 목포시 하당로 14 ,24시간 이용가능
전남목포 꿈동산신안2차2,1,AC완속,전라남도 목포시 하당로 14 102동 지하주차장,24시간 이용가능
전남목포 꿈동산신안2차2,2,AC완속,전라남도 목포시 하당로 14 102동 지하주차장,24시간 이용가능
전남목포 꿈동산신안2차2,3,AC완속,전라남도 목포시 하당로 14 102동 지하주차장,24시간 이용가능
전남목포 내트럭하우스 목포사업소,1,DC콤보,전라남도 목포시 대양산단로 154 (대양동) 상가 건물우측 주차장,24시간 이용가능
전남목포 내트럭하우스 목포사업소,2,DC콤보,전라남도 목포시 대양산단로 154 (대양동) 상가 건물우측 주차장,24시간 이용가능
전남목포 내트럭하우스 목포사업소,3,AC완속,전라남도 목포시 대양산단로 154 (대양동) 상가 건물우측 주차장,24시간 이용가능
전남목포 내트럭하우스 목포사업소,4,AC완속,전라남도 목포시 대양산단로 154 (대양동) 상가 건물우측 주차장,24시간 이용가능
전남목포 내트럭하우스 목포사업소,5,AC완속,전라남도 목포시 대양산단로 154 (대양동) 상가 건물우측 주차장,24시간 이용가능
전남목포 내트럭하우스 목포사업소,6,AC완속,전라남도 목포시 대양산단로 154 (대양동) 상가 건물우측 주차장,24시간 이용가능
전남목포 내트럭하우스 목포사업소,7,AC완속,전라남도 목포시 대양산단로 154 (대양동) 상가 건물우측 주차장,24시간 이용가능
전남목포 내트럭하우스 목포사업소,8,AC완속,전라남도 목포시 대양산단로 154 (대양동) 상가 건물우측 주차장,24시간 이용가능
전남목포 내트럭하우스 목포사업소,9,AC완속,전라남도 목포시 대양산단로 154 (대양동) 상가 건물우측 주차장,24시간 이용가능
전남목포 내트럭하우스 목포사업소,10,AC완속,전라남도 목포시 대양산단로 154 (대양동) 상가 건물우측 주차장,24시간 이용가능
전남목포 내트럭하우스 목포사업소,11,AC완속,전라남도 목포시 대양산단로 154 (대양동) 상가 건물우측 주차장,24시간 이용가능
전남목포 내트럭하우스 목포사업소,12,AC완속,전라남도 목포시 대양산단로 154 (대양동) 상가 건물우측 주차장,24시간 이용가능
전남목포 내트럭하우스 목포사업소,13,AC완속,전라남도 목포시 대양산단로 154 (대양동) 상가 건물우측 주차장,24시간 이용가능
전남목포 내트럭하우스 목포사업소,14,AC완속,전라남도 목포시 대양산단로 154 (대양동) 상가 건물우측 주차장,24시간 이용가능
전남목포 내트럭하우스 목포사업소,15,AC완속,전라남도 목포시 대양산단로 154 (대양동) 상가 건물우측 주차장,24시간 이용가능
전남목포 내트럭하우스 목포사업소,16,AC완속,전라남도 목포시 대양산단로 154 (대양동) 상가 건물우측 주차장,24시간 이용가능
전남목포 내트럭하우스 목포사업소,17,AC완속,전라남도 목포시 대양산단로 154 (대양동) 상가 건물우측 주차장,24시간 이용가능
전남목포 내트럭하우스 목포사업소,18,AC완속,전라남도 목포시 대양산단로 154 (대양동) 상가 건물우측 주차장,24시간 이용가능
전남목포 내트럭하우스 목포사업소,19,AC완속,전라남도 목포시 대양산단로 154 (대양동) 상가 건물우측 주차장,24시간 이용가능
전남목포 내트럭하우스 목포사업소,20,AC완속,전라남도 목포시 대양산단로 154 (대양동) 상가 건물우측 주차장,24시간 이용가능
전남목포 대성천년나무아파트 1,1,AC완속,전라남도 목포시 양을로 42 103동앞 지상 주차장,24시간 이용가능
전남목포 대성천년나무아파트 1,2,AC완속,전라남도 목포시 양을로 42 103동앞 지상 주차장,24시간 이용가능
전남목포 대성천년나무아파트 1,3,AC완속,전라남도 목포시 양을로 42 103동앞 지상 주차장,24시간 이용가능
전남목포 대성천년나무아파트 1,4,AC완속,전라남도 목포시 양을로 42 103동앞 지상 주차장,24시간 이용가능
전남목포 대성천년나무아파트 1,5,AC완속,전라남도 목포시 양을로 42 103동앞 지상 주차장,24시간 이용가능
전남목포 대성천년나무아파트 1,6,AC완속,전라남도 목포시 양을로 42 103동앞 지상 주차장,24시간 이용가능
전남목포 대성천년나무아파트 2,1,AC완속,전라남도 목포시 양을로 42 106동앞 지상 주차장,24시간 이용가능
전남목포 대성천년나무아파트 2,2,AC완속,전라남도 목포시 양을로 42 106동앞 지상 주차장,24시간 이용가능
전남목포 대성천년나무아파트 2,3,AC완속,전라남도 목포시 양을로 42 106동앞 지상 주차장,24시간 이용가능
전남목포 대성천년나무아파트 2,4,AC완속,전라남도 목포시 양을로 42 106동앞 지상 주차장,24시간 이용가능
전남목포 대성천년나무아파트 2,5,AC완속,전라남도 목포시 양을로 42 106동앞 지상 주차장,24시간 이용가능
전남목포 대성천년나무아파트 2,6,AC완속,전라남도 목포시 양을로 42 106동앞 지상 주차장,24시간 이용가능
전남목포 대성천년나무아파트 3,1,AC완속,전라남도 목포시 양을로 42 109동옆 지상 주차장,24시간 이용가능
전남목포 대성천년나무아파트 3,2,AC완속,전라남도 목포시 양을로 42 109동옆 지상 주차장,24시간 이용가능
전남목포 대성천년나무아파트 3,3,AC완속,전라남도 목포시 양을로 42 109동옆 지상 주차장,24시간 이용가능
전남목포 대성천년나무아파트 3,4,AC완속,전라남도 목포시 양을로 42 109동옆 지상 주차장,24시간 이용가능
전남목포 대성천년나무아파트 3,5,AC완속,전라남도 목포시 양을로 42 109동옆 지상 주차장,24시간 이용가능
전남목포 대성천년나무아파트 3,6,AC완속,전라남도 목포시 양을로 42 109동옆 지상 주차장,24시간 이용가능
전남목포 대성천년나무아파트 3,7,AC완속,전라남도 목포시 양을로 42 109동옆 지상 주차장,24시간 이용가능
전남목포 대성천년나무아파트 3,8,AC완속,전라남도 목포시 양을로 42 109동옆 지상 주차장,24시간 이용가능
전남목포 대성천년나무아파트 3,9,AC완속,전라남도 목포시 양을로 42 109동옆 지상 주차장,24시간 이용가능
전남목포 대성천년나무아파트 4,1,AC완속,전라남도 목포시 양을로 42 110동뒤 지상 주차장,24시간 이용가능
전남목포 대성천년나무아파트 4,2,AC완속,전라남도 목포시 양을로 42 110동뒤 지상 주차장,24시간 이용가능
전남목포 대성천년나무아파트 4,3,AC완속,전라남도 목포시 양을로 42 110동뒤 지상 주차장,24시간 이용가능
전남목포 대성천년나무아파트 4,4,AC완속,전라남도 목포시 양을로 42 110동뒤 지상 주차장,24시간 이용가능
전남목포 대성천년나무아파트 4,5,AC완속,전라남도 목포시 양을로 42 110동뒤 지상 주차장,24시간 이용가능
전남목포 대성천년나무아파트 4,6,AC완속,전라남도 목포시 양을로 42 110동뒤 지상 주차장,24시간 이용가능
전남목포 대성천년나무아파트 4,7,AC완속,전라남도 목포시 양을로 42 110동뒤 지상 주차장,24시간 이용가능
전남목포 대성천년나무아파트 4,8,AC완속,전라남도 목포시 양을로 42 110동뒤 지상 주차장,24시간 이용가능
전남목포 대성천년나무아파트 4,9,AC완속,전라남도 목포시 양을로 42 110동뒤 지상 주차장,24시간 이용가능
전남목포 대송에이스빌아파트,1,AC완속,전라남도 목포시 고하대로 707 상가동 옆 지상 주차장,24시간 이용가능
전남목포 대송에이스빌아파트,2,AC완속,전라남도 목포시 고하대로 707 상가동 옆 지상 주차장,24시간 이용가능
전남목포 대송에이스빌아파트,3,AC완속,전라남도 목포시 고하대로 707 상가동 옆 지상 주차장,24시간 이용가능
전남목포 대화파크,1,AC완속,전라남도 목포시 안장산로 44-2 A동 지하주차장 입구,24시간 이용가능
전남목포 대화파크,2,AC완속,전라남도 목포시 안장산로 44-2 A동 지하주차장 입구,24시간 이용가능
전남목포 산정로제비앙1,1,AC완속,전라남도 목포시 양을로79번길 6 ,24시간 이용가능
전남목포 산정로제비앙1,2,AC완속,전라남도 목포시 양을로79번길 6 ,24시간 이용가능
전남목포 산정로제비앙2,1,AC완속,전라남도 목포시 양을로79번길 6 ,24시간 이용가능
전남목포 산정로제비앙2,2,AC완속,전라남도 목포시 양을로79번길 6 ,24시간 이용가능
전남목포 산정로제비앙2,3,AC완속,전라남도 목포시 양을로79번길 6 ,24시간 이용가능
전남목포 산정로제비앙2,4,AC완속,전라남도 목포시 양을로79번길 6 ,24시간 이용가능
전남목포 산정로제비앙3,1,AC완속,전라남도 목포시 양을로79번길 6 ,24시간 이용가능
전남목포 산정로제비앙3,2,AC완속,전라남도 목포시 양을로79번길 6 ,24시간 이용가능
전남목포 산정로제비앙3,3,AC완속,전라남도 목포시 양을로79번길 6 ,24시간 이용가능
전남목포 산정로제비앙3,4,AC완속,전라남도 목포시 양을로79번길 6 ,24시간 이용가능
전남목포 산정로제비앙3,5,AC완속,전라남도 목포시 양을로79번길 6 ,24시간 이용가능
전남목포 산정현대아파트,1,AC완속,전라남도 목포시 산정로203번길 24 지상1층 주차장,24시간 이용가능
전남목포 삼성아파트 1주차장,1,AC완속,전라남도 목포시 부흥로 12 103동 뒷편 1주차장 지하 1층 103동 뒷편 비상계단 좌측,24시간 이용가능
전남목포 삼성아파트 1주차장,2,AC완속,전라남도 목포시 부흥로 12 103동 뒷편 1주차장 지하 1층 103동 뒷편 비상계단 좌측,24시간 이용가능
전남목포 삼성아파트 2주차장,1,AC완속,전라남도 목포시 부흥로 12 103동 앞 2주차장 지하1층 중앙비상계단 맞은편,24시간 이용가능
전남목포 삼성아파트 2주차장,2,AC완속,전라남도 목포시 부흥로 12 103동 앞 2주차장 지하1층 중앙비상계단 맞은편,24시간 이용가능
전남목포 삼성아파트 2주차장,3,AC완속,전라남도 목포시 부흥로 12 103동 앞 2주차장 지하1층 중앙비상계단 맞은편,24시간 이용가능
전남목포 상동현대아파트 1,1,AC완속,전라남도 목포시 상동로 33 P1 주차장,24시간 이용가능
전남목포 상동현대아파트 2,1,AC완속,전라남도 목포시 상동로 33 P2 주차장,24시간 이용가능
전남목포 상동현대아파트 2,2,AC완속,전라남도 목포시 상동로 33 P2 주차장,24시간 이용가능
전남목포 상동현대아파트 3,1,AC완속,전라남도 목포시 상동로 33 ,24시간 이용가능
전남목포 상동현대아파트 3,2,AC완속,전라남도 목포시 상동로 33 ,24시간 이용가능
전남목포 상동현대아파트 5,1,AC완속,전라남도 목포시 상동로 33 ,24시간 이용가능
전남목포 상동현대아파트 6,1,AC완속,전라남도 목포시 상동로 33 ,24시간 이용가능
전남목포 상동현대아파트 6,2,AC완속,전라남도 목포시 상동로 33 ,24시간 이용가능
전남목포 석현5차 한국아델리움 더숲아파트 1,1,AC완속,전라남도 목포시 영산로609번길 30 501동 앞 지상주차장,24시간 이용가능
전남목포 석현5차 한국아델리움 더숲아파트 1,2,AC완속,전라남도 목포시 영산로609번길 30 501동 앞 지상주차장,24시간 이용가능
전남목포 석현5차 한국아델리움 더숲아파트 1,3,AC완속,전라남도 목포시 영산로609번길 30 501동 앞 지상주차장,24시간 이용가능
전남목포 석현5차 한국아델리움 더숲아파트 2,1,AC완속,전라남도 목포시 영산로609번길 30 505동 앞 지상주차장,24시간 이용가능
전남목포 석현5차 한국아델리움 더숲아파트 2,2,AC완속,전라남도 목포시 영산로609번길 30 505동 앞 지상주차장,24시간 이용가능
전남목포 석현5차 한국아델리움 더숲아파트 2,3,AC완속,전라남도 목포시 영산로609번길 30 505동 앞 지상주차장,24시간 이용가능
전남목포 신안관광㈜ 신안비치호텔,1,AC완속,전라남도 목포시 해안로 2 지상1층 야외주차장,24시간 이용가능
전남목포 신안관광㈜ 신안비치호텔,2,AC완속,전라남도 목포시 해안로 2 지상1층 야외주차장,24시간 이용가능
전남목포 신안관광㈜ 신안비치호텔,3,AC완속,전라남도 목포시 해안로 2 지상1층 야외주차장,24시간 이용가능
전남목포 신안관광㈜ 신안비치호텔,4,AC완속,전라남도 목포시 해안로 2 지상1층 야외주차장,24시간 이용가능
전남목포 신안관광㈜ 신안비치호텔,5,AC완속,전라남도 목포시 해안로 2 지상1층 야외주차장,24시간 이용가능
전남목포 신안관광㈜ 신안비치호텔,6,AC완속,전라남도 목포시 해안로 2 지상1층 야외주차장,24시간 이용가능
전남목포 신안관광㈜ 신안비치호텔,7,AC완속,전라남도 목포시 해안로 2 지상1층 야외주차장,24시간 이용가능
전남목포 신안관광㈜ 신안비치호텔,8,AC완속,전라남도 목포시 해안로 2 지상1층 야외주차장,24시간 이용가능
전남목포 신안관광㈜ 신안비치호텔,9,AC완속,전라남도 목포시 해안로 2 지상1층 야외주차장,24시간 이용가능
전남목포 신안비치2차아파트,1,AC완속,전라남도 목포시 고하대로 641-10 지상주차장 화단,"24시간 이용가능,입주민만 사용가능 거주자외출입제한"
전남목포 신안비치2차아파트,2,AC완속,전라남도 목포시 고하대로 641-10 지상주차장 화단,"24시간 이용가능,입주민만 사용가능 거주자외출입제한"
전남목포 신안비치2차아파트,3,AC완속,전라남도 목포시 고하대로 641-10 지상주차장 화단,"24시간 이용가능,입주민만 사용가능 거주자외출입제한"
전남목포 신안비치2차아파트,4,AC완속,전라남도 목포시 고하대로 641-10 지상주차장 화단,"24시간 이용가능,입주민만 사용가능 거주자외출입제한"
전남목포 신안비치팔레스2차아파트,1,AC완속,전라남도 목포시 청호로220번길 5 201동 뒤 지상 주차장,24시간 이용가능
전남목포 신안비치팔레스2차아파트,2,AC완속,전라남도 목포시 청호로220번길 5 201동 뒤 지상 주차장,24시간 이용가능
전남목포 신안비치팔레스2차아파트,3,AC완속,전라남도 목포시 청호로220번길 5 201동 뒤 지상 주차장,24시간 이용가능
전남목포 신안인스빌,1,AC완속,전라남도 목포시 삼학로 363 ,24시간 이용가능
전남목포 신안인스빌,2,AC완속,전라남도 목포시 삼학로 363 ,24시간 이용가능
전남목포 신안인스빌,3,AC완속,전라남도 목포시 삼학로 363 ,24시간 이용가능
전남목포 신안인스빌,4,AC완속,전라남도 목포시 삼학로 363 ,24시간 이용가능
전남목포 신안인스빌,5,AC완속,전라남도 목포시 삼학로 363 ,24시간 이용가능
전남목포 신안인스빌 4,1,AC완속,"전라남도 목포시 삼학로 363(용해동, 신안인스빌아파트) 103동 뒤 지상주차장",24시간 이용가능
전남목포 신안인스빌 4,2,AC완속,"전라남도 목포시 삼학로 363(용해동, 신안인스빌아파트) 103동 뒤 지상주차장",24시간 이용가능
전남목포 신안인스빌 5,1,AC완속,"전라남도 목포시 삼학로 363(용해동, 신안인스빌아파트) 103동 앞 지상주차장",24시간 이용가능
전남목포 신안인스빌 5,2,AC완속,"전라남도 목포시 삼학로 363(용해동, 신안인스빌아파트) 103동 앞 지상주차장",24시간 이용가능
전남목포 신안인스빌 6,1,AC완속,"전라남도 목포시 삼학로 363(용해동, 신안인스빌아파트) 104동 뒤 지상주차장",24시간 이용가능
전남목포 신안인스빌 6,2,AC완속,"전라남도 목포시 삼학로 363(용해동, 신안인스빌아파트) 104동 뒤 지상주차장",24시간 이용가능
전남목포 신안인스빌 7,1,AC완속,"전라남도 목포시 삼학로 363(용해동, 신안인스빌아파트) 107동 뒤 지상주차장",24시간 이용가능
전남목포 신안인스빌 7,2,AC완속,"전라남도 목포시 삼학로 363(용해동, 신안인스빌아파트) 107동 뒤 지상주차장",24시간 이용가능
전남목포 신안인스빌 8,1,AC완속,"전라남도 목포시 삼학로 363(용해동, 신안인스빌아파트) 111동 앞 지상주차장",24시간 이용가능
전남목포 신안인스빌 8,2,AC완속,"전라남도 목포시 삼학로 363(용해동, 신안인스빌아파트) 111동 앞 지상주차장",24시간 이용가능
전남목포 신안인스빌아파트101동,1,AC완속,전라남도 목포시 삼학로 363 101동B2-A02기둥,"24시간 이용가능,입주민만 사용가능 거주자외출입제한"
전남목포 신안인스빌아파트101동,2,AC완속,전라남도 목포시 삼학로 363 101동B2-A02기둥,"24시간 이용가능,입주민만 사용가능 거주자외출입제한"
전남목포 신안인스빌아파트101동,3,AC완속,전라남도 목포시 삼학로 363 101동B2-A02기둥,"24시간 이용가능,입주민만 사용가능 거주자외출입제한"
전남목포 신안인스빌아파트101동,4,AC완속,전라남도 목포시 삼학로 363 101동B2-A02기둥,"24시간 이용가능,입주민만 사용가능 거주자외출입제한"
전남목포 신안인스빌아파트107동,1,AC완속,전라남도 목포시 삼학로 363 107동B1-A13기둥,"24시간 이용가능,입주민만 사용가능 거주자외출입제한"
전남목포 신안인스빌아파트107동,2,AC완속,전라남도 목포시 삼학로 363 107동B1-A13기둥,"24시간 이용가능,입주민만 사용가능 거주자외출입제한"
전남목포 신안인스빌아파트107동,3,AC완속,전라남도 목포시 삼학로 363 107동B1-A13기둥,"24시간 이용가능,입주민만 사용가능 거주자외출입제한"
전남목포 신안인스빌아파트107동,4,AC완속,전라남도 목포시 삼학로 363 107동B1-A13기둥,"24시간 이용가능,입주민만 사용가능 거주자외출입제한"
전남목포 신안인스빌아파트107동,5,AC완속,전라남도 목포시 삼학로 363 107동B1-A13기둥,"24시간 이용가능,입주민만 사용가능 거주자외출입제한"
전남목포 연산주공5단지아파트1,1,AC완속,전라남도 목포시 원산중앙로 109-1 ,24시간 이용가능
전남목포 연산주공5단지아파트1,2,AC완속,전라남도 목포시 원산중앙로 109-1 ,24시간 이용가능
전남목포 연산주공5단지아파트1,3,AC완속,전라남도 목포시 원산중앙로 109-1 ,24시간 이용가능
전남목포 연산주공5단지아파트2,1,AC완속,전라남도 목포시 원산중앙로 109-1 ,24시간 이용가능
전남목포 연산주공5단지아파트2,2,AC완속,전라남도 목포시 원산중앙로 109-1 ,24시간 이용가능
전남목포 연산주공5단지아파트2,3,AC완속,전라남도 목포시 원산중앙로 109-1 ,24시간 이용가능
전남목포 연산주공5단지아파트3,1,AC완속,전라남도 목포시 원산중앙로 109-1 ,24시간 이용가능
전남목포 연산주공5단지아파트3,2,AC완속,전라남도 목포시 원산중앙로 109-1 ,24시간 이용가능
전남목포 옥암펠리시아아파트1,1,AC완속,전라남도 목포시 하당로289번길 7 ,24시간 이용가능
전남목포 옥암펠리시아아파트1,2,AC완속,전라남도 목포시 하당로289번길 7 ,24시간 이용가능
전남목포 옥암펠리시아아파트2,1,AC완속,전라남도 목포시 하당로289번길 7 ,24시간 이용가능
전남목포 옥암펠리시아아파트2,2,AC완속,전라남도 목포시 하당로289번길 7 ,24시간 이용가능
전남목포 용해동아아파트,1,AC완속,전라남도 목포시 삼학로 303-3 ,24시간 이용가능
전남목포 용해동아아파트,2,AC완속,전라남도 목포시 삼학로 303-3 ,24시간 이용가능
전남목포 용해동아아파트,3,AC완속,전라남도 목포시 삼학로 303-3 ,24시간 이용가능
전남목포 용해동아아파트,4,AC완속,전라남도 목포시 삼학로 303-3 ,24시간 이용가능
전남목포 용해동아아파트,5,AC완속,전라남도 목포시 삼학로 303-3 ,24시간 이용가능
전남목포 용해동아아파트,6,AC완속,전라남도 목포시 삼학로 303-3 ,24시간 이용가능
전남목포 용해동아아파트,7,AC완속,전라남도 목포시 삼학로 303-3 ,24시간 이용가능
전남목포 용해동아아파트,8,AC완속,전라남도 목포시 삼학로 303-3 ,24시간 이용가능
전남목포 용해동아아파트,9,AC완속,전라남도 목포시 삼학로 303-3 ,24시간 이용가능
전남목포 용해동아아파트 2,1,AC완속,전라남도 목포시 삼학로 303-3 201동 뒤 지상 주차장,24시간 이용가능
전남목포 용해동아아파트 2,2,AC완속,전라남도 목포시 삼학로 303-3 201동 뒤 지상 주차장,24시간 이용가능
전남목포 용해동아아파트 2,3,AC완속,전라남도 목포시 삼학로 303-3 201동 뒤 지상 주차장,24시간 이용가능
전남목포 용해동아아파트 2,4,AC완속,전라남도 목포시 삼학로 303-3 201동 뒤 지상 주차장,24시간 이용가능
전남목포 용해동아아파트7동,1,AC완속,전라남도 목포시 삼학로 303-3 7동 B1,"24시간 이용가능,입주민만 사용가능 거주자외출입제한"
전남목포 용해동아아파트7동,2,AC완속,전라남도 목포시 삼학로 303-3 7동 B1,"24시간 이용가능,입주민만 사용가능 거주자외출입제한"
전남목포 용해동아아파트8동,1,AC완속,전라남도 목포시 삼학로 303-3 8동 B1,"24시간 이용가능,입주민만 사용가능 거주자외출입제한"
전남목포 용해동아아파트8동,2,AC완속,전라남도 목포시 삼학로 303-3 8동 B1,"24시간 이용가능,입주민만 사용가능 거주자외출입제한"
전남목포 우미오션빌,1,AC완속,전라남도 목포시 평화로107번길 16 ,24시간 이용가능
전남목포 우미오션빌,2,AC완속,전라남도 목포시 평화로107번길 16 ,24시간 이용가능
전남목포 우미오션빌,3,AC완속,전라남도 목포시 평화로107번길 16 ,24시간 이용가능
전남목포 우미오션빌,4,AC완속,전라남도 목포시 평화로107번길 16 ,24시간 이용가능
전남목포 우미오션빌,5,AC완속,전라남도 목포시 평화로107번길 16 ,24시간 이용가능
전남목포 우미오션빌601동,1,AC완속,전라남도 목포시 평화로107번길 16 601동 B1,"24시간 이용가능,입주민만 사용가능 거주자외출입제한"
전남목포 우미오션빌601동,2,AC완속,전라남도 목포시 평화로107번길 16 601동 B1,"24시간 이용가능,입주민만 사용가능 거주자외출입제한"
전남목포 우미오션빌601동,3,AC완속,전라남도 목포시 평화로107번길 16 601동 B1,"24시간 이용가능,입주민만 사용가능 거주자외출입제한"
전남목포 우미오션빌605동,1,AC완속,전라남도 목포시 평화로107번길 16 605동 B1,"24시간 이용가능,입주민만 사용가능 거주자외출입제한"
전남목포 우미오션빌605동,2,AC완속,전라남도 목포시 평화로107번길 16 605동 B1,"24시간 이용가능,입주민만 사용가능 거주자외출입제한"
전남목포 우미오션빌605동,3,AC완속,전라남도 목포시 평화로107번길 16 605동 B1,"24시간 이용가능,입주민만 사용가능 거주자외출입제한"
전남목포 자일산업,1,AC완속,전라남도 목포시 대양로 129 ,24시간 이용가능
전남목포 종원나이스빌101동,1,AC완속,전라남도 목포시 양을로 121 1주차장 1층 101동 기둥2-3,"24시간 이용가능,입주민만 사용가능 거주자외출입제한"
전남목포 종원나이스빌101동,2,AC완속,전라남도 목포시 양을로 121 1주차장 1층 101동 기둥2-3,"24시간 이용가능,입주민만 사용가능 거주자외출입제한"
전남목포 종원나이스빌102동,1,AC완속,전라남도 목포시 양을로 121 3주차장 102동 기둥10,"24시간 이용가능,입주민만 사용가능 거주자외출입제한"
전남목포 종원나이스빌103동,1,AC완속,전라남도 목포시 양을로 121 2주차장 1층 103동 기둥01,"24시간 이용가능,입주민만 사용가능 거주자외출입제한"
전남목포 종원나이스빌104동,1,AC완속,전라남도 목포시 양을로 121 4주차장 104동 기둥07,"24시간 이용가능,입주민만 사용가능 거주자외출입제한"
전남목포 종원나이스빌106동,1,AC완속,전라남도 목포시 양을로 121 5주차장 1층 106동 기둥08,"24시간 이용가능,입주민만 사용가능 거주자외출입제한"
전남목포 종원나이스빌106동,2,AC완속,전라남도 목포시 양을로 121 5주차장 1층 106동 기둥08,"24시간 이용가능,입주민만 사용가능 거주자외출입제한"
전남목포 종원나이스빌106동,3,AC완속,전라남도 목포시 양을로 121 5주차장 1층 106동 기둥08,"24시간 이용가능,입주민만 사용가능 거주자외출입제한"
전남목포 중앙하이츠 1,1,AC완속,전라남도 목포시 양을로41번길 40 ,24시간 이용가능
전남목포 중앙하이츠 1,2,AC완속,전라남도 목포시 양을로41번길 40 ,24시간 이용가능
전남목포 중앙하이츠 1,3,AC완속,전라남도 목포시 양을로41번길 40 ,24시간 이용가능
전남목포 중앙하이츠 1,4,AC완속,전라남도 목포시 양을로41번길 40 ,24시간 이용가능
전남목포 중앙하이츠 2,1,AC완속,전라남도 목포시 양을로41번길 40 ,24시간 이용가능
전남목포 중앙하이츠 2,2,AC완속,전라남도 목포시 양을로41번길 40 ,24시간 이용가능
전남목포 중앙하이츠 2,3,AC완속,전라남도 목포시 양을로41번길 40 ,24시간 이용가능
전남목포 중앙하이츠 3,1,AC완속,전라남도 목포시 양을로41번길 40 ,24시간 이용가능
전남목포 중앙하이츠 3,2,AC완속,전라남도 목포시 양을로41번길 40 ,24시간 이용가능
전남목포 중앙하이츠 3,3,AC완속,전라남도 목포시 양을로41번길 40 ,24시간 이용가능
전남목포 초원샤르망아파트 1,1,AC완속,"전라남도 목포시 옥암로96번길 15 (옥암동, 초원샤르망아파트) 101동 1~2라인 지상주차장",24시간 이용가능
전남목포 초원샤르망아파트 1,2,AC완속,"전라남도 목포시 옥암로96번길 15 (옥암동, 초원샤르망아파트) 101동 1~2라인 지상주차장",24시간 이용가능
전남목포 초원샤르망아파트 2,1,AC완속,"전라남도 목포시 옥암로96번길 15 (옥암동, 초원샤르망아파트) 102동 3~5라인 지상주차장",24시간 이용가능
전남목포 초원샤르망아파트 2,2,AC완속,"전라남도 목포시 옥암로96번길 15 (옥암동, 초원샤르망아파트) 102동 3~5라인 지상주차장",24시간 이용가능
전남목포 코아루천년가아파트,1,AC완속,전라남도 목포시 남악1로16번길 43-14 ,24시간 이용가능
전남목포 코아루천년가아파트,2,AC완속,전라남도 목포시 남악1로16번길 43-14 ,24시간 이용가능
전남목포 코아루천년가아파트,3,AC완속,전라남도 목포시 남악1로16번길 43-14 ,24시간 이용가능
전남목포 코아루천년가아파트,4,AC완속,전라남도 목포시 남악1로16번길 43-14 ,24시간 이용가능
전남목포 코아루천년가아파트,5,AC완속,전라남도 목포시 남악1로16번길 43-14 ,24시간 이용가능
전남목포 하당5차우미파크빌,1,AC완속,전라남도 목포시 평화로20번길 11 503동B1-A주차장,"24시간 이용가능,입주민만 사용가능 거주자외출입제한"
전남목포 하당5차우미파크빌,2,AC완속,전라남도 목포시 평화로20번길 11 503동B1-A주차장,"24시간 이용가능,입주민만 사용가능 거주자외출입제한"
전남목포 하당5차우미파크빌,3,AC완속,전라남도 목포시 평화로20번길 11 503동B1-A주차장,"24시간 이용가능,입주민만 사용가능 거주자외출입제한"
전남목포 하당동아아파트 101동,1,AC완속,전라남도 목포시 신흥로45번길 13 101동 2호앞 지상주차장,"24시간 이용가능,입주민만 사용가능 거주자외출입제한"
전남목포 하당동아아파트 101동,2,AC완속,전라남도 목포시 신흥로45번길 13 101동 2호앞 지상주차장,"24시간 이용가능,입주민만 사용가능 거주자외출입제한"
전남목포 하당동아아파트 101동,3,AC완속,전라남도 목포시 신흥로45번길 13 101동 2호앞 지상주차장,"24시간 이용가능,입주민만 사용가능 거주자외출입제한"
전남목포 하당동아아파트 108동,1,AC완속,전라남도 목포시 신흥로45번길 13 108동앞 지상주차장,"24시간 이용가능,입주민만 사용가능 거주자외출입제한"
전남목포 하당동아아파트 108동,2,AC완속,전라남도 목포시 신흥로45번길 13 108동앞 지상주차장,"24시간 이용가능,입주민만 사용가능 거주자외출입제한"
전남목포 하당동아아파트 108동,3,AC완속,전라남도 목포시 신흥로45번길 13 108동앞 지상주차장,"24시간 이용가능,입주민만 사용가능 거주자외출입제한"
전남목포 한라비발디,1,AC완속,전라남도 목포시 남악2로22번길 10 옥외지상주차장,"24시간 이용가능,입주민만 사용가능 거주자외출입제한"
전남목포 한라비발디,2,AC완속,전라남도 목포시 남악2로22번길 10 옥외지상주차장,"24시간 이용가능,입주민만 사용가능 거주자외출입제한"
전남목포 한라비발디,3,AC완속,전라남도 목포시 남악2로22번길 10 옥외지상주차장,"24시간 이용가능,입주민만 사용가능 거주자외출입제한"
전남목포 한라비발디,4,AC완속,전라남도 목포시 남악2로22번길 10 옥외지상주차장,"24시간 이용가능,입주민만 사용가능 거주자외출입제한"
전남목포 한라비발디,5,AC완속,전라남도 목포시 남악2로22번길 10 옥외지상주차장,"24시간 이용가능,입주민만 사용가능 거주자외출입제한"
전남목포 한라비발디2,1,AC완속,전라남도 목포시 남악2로22번길 10 108동 옆 옥외 주차장,24시간 이용가능
전남목포 한라비발디2,2,AC완속,전라남도 목포시 남악2로22번길 10 108동 옆 옥외 주차장,24시간 이용가능
전남목포 한라비발디2,3,AC완속,전라남도 목포시 남악2로22번길 10 108동 옆 옥외 주차장,24시간 이용가능
전남목포 한라비발디2,4,AC완속,전라남도 목포시 남악2로22번길 10 108동 옆 옥외 주차장,24시간 이용가능
전남목포 한라비발디2,5,AC완속,전라남도 목포시 남악2로22번길 10 108동 옆 옥외 주차장,24시간 이용가능
전남목포 한라비발디3,1,AC완속,전라남도 목포시 남악2로22번길 10 109동뒤 지상주차장,24시간 이용가능
전남목포 한라비발디3,2,AC완속,전라남도 목포시 남악2로22번길 10 109동뒤 지상주차장,24시간 이용가능
전남목포 한라비발디3,3,AC완속,전라남도 목포시 남악2로22번길 10 109동뒤 지상주차장,24시간 이용가능
전남목포 한라비발디3,4,AC완속,전라남도 목포시 남악2로22번길 10 109동뒤 지상주차장,24시간 이용가능
전남목포 한라비발디3,5,AC완속,전라남도 목포시 남악2로22번길 10 109동뒤 지상주차장,24시간 이용가능
전남목포 한라비발디4,1,AC완속,전라남도 목포시 남악2로22번길 10 103동뒤 지상주차장,24시간 이용가능
전남목포 한라비발디4,2,AC완속,전라남도 목포시 남악2로22번길 10 103동뒤 지상주차장,24시간 이용가능
전남목포 한라비발디4,3,AC완속,전라남도 목포시 남악2로22번길 10 103동뒤 지상주차장,24시간 이용가능
전남목포 한라비발디4,4,AC완속,전라남도 목포시 남악2로22번길 10 103동뒤 지상주차장,24시간 이용가능
전남목포 한라비발디4,5,AC완속,전라남도 목포시 남악2로22번길 10 103동뒤 지상주차장,24시간 이용가능
전남목포 해상케이블카 고하도 승강장 주차장,1,AC완속,전라남도 목포시 고하도안길 168 (달동) 주차장 입구 우측,24시간 이용가능
전남목포 해상케이블카 고하도 승강장 주차장,2,AC완속,전라남도 목포시 고하도안길 168 (달동) 주차장 입구 우측,24시간 이용가능
전남목포 해상케이블카 고하도 승강장 주차장,3,AC완속,전라남도 목포시 고하도안길 168 (달동) 주차장 입구 우측,24시간 이용가능
전남목포 해상케이블카 고하도 승강장 주차장,4,AC완속,전라남도 목포시 고하도안길 168 (달동) 주차장 입구 우측,24시간 이용가능
전남목포 해상케이블카 고하도 승강장 주차장,5,AC완속,전라남도 목포시 고하도안길 168 (달동) 주차장 입구 우측,24시간 이용가능
전남목포 해상케이블카 고하도 승강장 주차장,6,AC완속,전라남도 목포시 고하도안길 168 (달동) 주차장 입구 우측,24시간 이용가능
전남목포 해상케이블카 고하도 승강장 주차장,7,AC완속,전라남도 목포시 고하도안길 168 (달동) 주차장 입구 우측,24시간 이용가능
전남목포 해상케이블카 고하도 승강장 주차장,8,AC완속,전라남도 목포시 고하도안길 168 (달동) 주차장 입구 우측,24시간 이용가능
전남목포 해상케이블카 고하도 승강장 주차장,9,AC완속,전라남도 목포시 고하도안길 168 (달동) 주차장 입구 우측,24시간 이용가능
전남목포 해상케이블카 고하도 승강장 주차장,10,AC완속,전라남도 목포시 고하도안길 168 (달동) 주차장 입구 우측,24시간 이용가능
전남목포 해상케이블카 고하도 승강장 주차장,11,AC완속,전라남도 목포시 고하도안길 168 (달동) 주차장 입구 우측,24시간 이용가능
전남목포 해상케이블카 고하도 승강장 주차장,12,AC완속,전라남도 목포시 고하도안길 168 (달동) 주차장 입구 우측,24시간 이용가능
전남목포 해상케이블카 고하도 승강장 주차장,13,AC완속,전라남도 목포시 고하도안길 168 (달동) 주차장 입구 우측,24시간 이용가능
전남목포 해상케이블카 고하도 승강장 주차장,14,AC완속,전라남도 목포시 고하도안길 168 (달동) 주차장 입구 우측,24시간 이용가능
전남목포 해상케이블카 고하도 승강장 주차장,15,AC완속,전라남도 목포시 고하도안길 168 (달동) 주차장 입구 우측,24시간 이용가능
전남목포 해상케이블카 고하도 승강장 주차장,16,AC완속,전라남도 목포시 고하도안길 168 (달동) 주차장 입구 우측,24시간 이용가능
전남목포 해상케이블카 고하도 승강장 주차장,17,AC완속,전라남도 목포시 고하도안길 168 (달동) 주차장 입구 우측,24시간 이용가능
전남목포 해상케이블카 고하도 승강장 주차장,18,AC완속,전라남도 목포시 고하도안길 168 (달동) 주차장 입구 우측,24시간 이용가능
전남목포 해상케이블카 고하도 승강장 주차장,19,AC완속,전라남도 목포시 고하도안길 168 (달동) 주차장 입구 우측,24시간 이용가능
전남목포 해상케이블카 북항 승강장 주차장,1,AC완속,전라남도 목포시 해양대학로 218 (죽교동) 주차장 입구 좌측,24시간 이용가능
전남목포 해상케이블카 북항 승강장 주차장,2,AC완속,전라남도 목포시 해양대학로 218 (죽교동) 주차장 입구 좌측,24시간 이용가능
전남목포 해상케이블카 북항 승강장 주차장,3,AC완속,전라남도 목포시 해양대학로 218 (죽교동) 주차장 입구 좌측,24시간 이용가능
전남목포 해상케이블카 북항 승강장 주차장,4,AC완속,전라남도 목포시 해양대학로 218 (죽교동) 주차장 입구 좌측,24시간 이용가능
전남목포 해상케이블카 북항 승강장 주차장,5,AC완속,전라남도 목포시 해양대학로 218 (죽교동) 주차장 입구 좌측,24시간 이용가능
전남목포 해상케이블카 북항 승강장 주차장,6,AC완속,전라남도 목포시 해양대학로 218 (죽교동) 주차장 입구 좌측,24시간 이용가능
전남목포 해상케이블카 북항 승강장 주차장,7,AC완속,전라남도 목포시 해양대학로 218 (죽교동) 주차장 입구 좌측,24시간 이용가능
전남목포 해상케이블카 북항 승강장 주차장,8,AC완속,전라남도 목포시 해양대학로 218 (죽교동) 주차장 입구 좌측,24시간 이용가능
전남목포 해상케이블카 북항 승강장 주차장,9,AC완속,전라남도 목포시 해양대학로 218 (죽교동) 주차장 입구 좌측,24시간 이용가능
전남목포 해상케이블카 북항 승강장 주차장,10,AC완속,전라남도 목포시 해양대학로 218 (죽교동) 주차장 입구 좌측,24시간 이용가능
전남목포 해상케이블카 북항 승강장 주차장,11,AC완속,전라남도 목포시 해양대학로 218 (죽교동) 주차장 입구 좌측,24시간 이용가능
전남목포 해상케이블카 북항 승강장 주차장,12,AC완속,전라남도 목포시 해양대학로 218 (죽교동) 주차장 입구 좌측,24시간 이용가능
전남목포 해상케이블카 북항 승강장 주차장,13,AC완속,전라남도 목포시 해양대학로 218 (죽교동) 주차장 입구 좌측,24시간 이용가능
전남목포 해상케이블카 북항 승강장 주차장,14,AC완속,전라남도 목포시 해양대학로 218 (죽교동) 주차장 입구 좌측,24시간 이용가능
전남목포 해상케이블카 북항 승강장 주차장,15,AC완속,전라남도 목포시 해양대학로 218 (죽교동) 주차장 입구 좌측,24시간 이용가능
전남목포 해상케이블카 북항 승강장 주차장,16,AC완속,전라남도 목포시 해양대학로 218 (죽교동) 주차장 입구 좌측,24시간 이용가능
전남목포 해상케이블카 북항 승강장 주차장,17,AC완속,전라남도 목포시 해양대학로 218 (죽교동) 주차장 입구 좌측,24시간 이용가능
전남목포 해상케이블카 북항 승강장 주차장,18,AC완속,전라남도 목포시 해양대학로 218 (죽교동) 주차장 입구 좌측,24시간 이용가능
전남목포 해상케이블카 북항 승강장 주차장,19,AC완속,전라남도 목포시 해양대학로 218 (죽교동) 주차장 입구 좌측,24시간 이용가능
전남목포 해상케이블카 북항 승강장 주차장,20,AC완속,전라남도 목포시 해양대학로 218 (죽교동) 주차장 입구 좌측,24시간 이용가능
전남목포 해상케이블카 북항 승강장 주차장,21,AC완속,전라남도 목포시 해양대학로 218 (죽교동) 주차장 입구 좌측,24시간 이용가능
전남목포 해상케이블카 북항 승강장 주차장,22,AC완속,전라남도 목포시 해양대학로 218 (죽교동) 주차장 입구 좌측,24시간 이용가능
전남목포 현대청호아파트,1,AC완속,전라남도 목포시 산정로203번길 29 지상1층주차장,24시간 이용가능
목포역 앞,1,AC완속,전라남도 목포시 영산로110번길 22 목포역 앞,24시간 이용가능
목포역 앞,2,AC완속,전라남도 목포시 영산로110번길 22 목포역 앞,24시간 이용가능
목포역 앞,3,AC완속,전라남도 목포시 영산로110번길 22 목포역 앞,24시간 이용가능
목포역 앞,4,AC완속,전라남도 목포시 영산로110번길 22 목포역 앞,24시간 이용가능
목포역 앞,5,AC완속,전라남도 목포시 영산로110번길 22 목포역 앞,24시간 이용가능
목포역 앞,6,AC완속,전라남도 목포시 영산로110번길 22 목포역 앞,24시간 이용가능
목포역 앞,7,AC완속,전라남도 목포시 영산로110번길 22 목포역 앞,24시간 이용가능
목포역 앞,8,AC완속,전라남도 목포시 영산로110번길 22 목포역 앞,24시간 이용가능
목포역 앞,9,AC완속,전라남도 목포시 영산로110번길 22 목포역 앞,24시간 이용가능
목포역 앞,10,AC완속,전라남도 목포시 영산로110번길 22 목포역 앞,24시간 이용가능
목포역 앞,11,AC완속,전라남도 목포시 영산로110번길 22 목포역 앞,24시간 이용가능
목포역 앞,12,AC완속,전라남도 목포시 영산로110번길 22 목포역 앞,24시간 이용가능
목포역 앞,13,AC완속,전라남도 목포시 영산로110번길 22 목포역 앞,24시간 이용가능
목포역 앞,14,AC완속,전라남도 목포시 영산로110번길 22 목포역 앞,24시간 이용가능
(구)목포세관창고,1,DC차데모+AC3상+DC콤보,전라남도 목포시 해안로177번길 10 (항동),24시간 이용가능
(구)목포세관창고,2,DC차데모+AC3상+DC콤보,전라남도 목포시 해안로177번길 10 (항동),24시간 이용가능
목포세무서,1,DC콤보,전라남도 목포시 호남로58번길 19 목포세무서,09:00~18:00
목포세무서,2,DC콤보,전라남도 목포시 호남로58번길 19 목포세무서,09:00~18:00
목포용해2단지아파트,1,AC완속,"전라남도 목포시 양을로 267 (용해동, 용해2단지아파트)",24시간 이용가능
목포용해2단지아파트,2,AC완속,"전라남도 목포시 양을로 267 (용해동, 용해2단지아파트)",24시간 이용가능
목포용해2단지아파트,3,AC완속,"전라남도 목포시 양을로 267 (용해동, 용해2단지아파트)",24시간 이용가능
목포용해2단지아파트,4,AC완속,"전라남도 목포시 양을로 267 (용해동, 용해2단지아파트)",24시간 이용가능
목포해양대학교 신축건물,1,AC완속,전라남도 목포시 해양대학로 91 목포해양대학교 신축건물,24시간 이용가능
목포해양대학교 신축건물,2,AC완속,전라남도 목포시 해양대학로 91 목포해양대학교 신축건물,24시간 이용가능
목포해양대학교 신축건물,3,AC완속,전라남도 목포시 해양대학로 91 목포해양대학교 신축건물,24시간 이용가능
목포해양대학교 제2공학관B2동,1,AC완속,"전라남도 목포시 해양대학로 91 (죽교동, 목포해양대학교)",24시간 이용가능
목포해양대학교 제2공학관B2동,2,AC완속,"전라남도 목포시 해양대학로 91 (죽교동, 목포해양대학교)",24시간 이용가능
목포해양대학교 제2공학관B2동,3,AC완속,"전라남도 목포시 해양대학로 91 (죽교동, 목포해양대학교)",24시간 이용가능
목포해양대학교 해양공학관A9동,1,AC완속,전라남도 목포시 해양대학로 91 목포해양대학교 해양공학관A9동,24시간 이용가능
목포해양대학교 해양공학관A9동,2,AC완속,전라남도 목포시 해양대학로 91 목포해양대학교 해양공학관A9동,24시간 이용가능
목포해양대학교 해양공학관A9동,3,AC완속,전라남도 목포시 해양대학로 91 목포해양대학교 해양공학관A9동,24시간 이용가능
에드가안채아파트,1,AC완속,"전라남도 목포시 옥암로 177-1 (석현동, 에드가안채)",24시간 이용가능
에드가안채아파트,2,AC완속,"전라남도 목포시 옥암로 177-1 (석현동, 에드가안채)",24시간 이용가능
용해지구 목포어울림도서관,1,AC완속,전라남도 목포시 용해지구로 31 목포어울림도서관,09:00~1800
용해지구 목포어울림도서관,2,DC차데모+AC3상+DC콤보,전라남도 목포시 용해지구로 31 목포어울림도서관,09:00~1800
현대자동차 상동대리점,1,AC완속,"전라남도 목포시 통일대로 107 (옥암동, 현대자동차 상동대리점)",09:00~18:00
홈플러스 목포점,1,DC콤보,"전라남도 목포시 영산로 313 (용당동, 홈플러스목포점)",10:00~22:00
홈플러스 목포점,2,DC콤보,"전라남도 목포시 영산로 313 (용당동, 홈플러스목포점)",10:00~22:00
홈플러스 목포점,3,DC콤보,"전라남도 목포시 영산로 313 (용당동, 홈플러스목포점)",10:00~22:00
홈플러스 목포점,4,DC콤보,"전라남도 목포시 영산로 313 (용당동, 홈플러스목포점)",10:00~22:00
홈플러스 목포점,5,DC콤보(완속),"전라남도 목포시 영산로 313 (용당동, 홈플러스목포점)",10:00~22:00
홈플러스 목포점,6,DC콤보(완속),"전라남도 목포시 영산로 313 (용당동, 홈플러스목포점)",10:00~22:00
홈플러스 목포점,7,DC콤보(완속),"전라남도 목포시 영산로 313 (용당동, 홈플러스목포점)",10:00~22:00
홈플러스 목포점,8,DC콤보(완속),"전라남도 목포시 영산로 313 (용당동, 홈플러스목포점)",10:00~22:00
재단법인전남테크노파크(세라믹산업센터),1,AC완속,전라남도 목포시 대양로 26 ,24시간 이용가능
재단법인전남테크노파크(세라믹산업센터),2,AC완속,전라남도 목포시 대양로 26 ,24시간 이용가능
재단법인전남테크노파크(세라믹산업센터),3,AC완속,전라남도 목포시 대양로 26 ,24시간 이용가능
목포 광신프로그레스,1,AC완속,전라남도 목포시 영산로565번길 23 1~5구역 주차장,24시간 이용가능
목포 광신프로그레스,2,AC완속,전라남도 목포시 영산로565번길 23 1~5구역 주차장,24시간 이용가능
목포 광신프로그레스,3,AC완속,전라남도 목포시 영산로565번길 23 1~5구역 주차장,24시간 이용가능
목포 광신프로그레스,4,AC완속,전라남도 목포시 영산로565번길 23 1~5구역 주차장,24시간 이용가능
목포 광신프로그레스,5,AC완속,전라남도 목포시 영산로565번길 23 1~5구역 주차장,24시간 이용가능
목포 광신프로그레스,6,AC완속,전라남도 목포시 영산로565번길 23 1~5구역 주차장,24시간 이용가능
목포 광신프로그레스,7,AC완속,전라남도 목포시 영산로565번길 23 1~5구역 주차장,24시간 이용가능
목포 광신프로그레스,8,AC완속,전라남도 목포시 영산로565번길 23 1~5구역 주차장,24시간 이용가능
목포 광신프로그레스,9,AC완속,전라남도 목포시 영산로565번길 23 1~5구역 주차장,24시간 이용가능
목포 광신프로그레스,10,AC완속,전라남도 목포시 영산로565번길 23 1~5구역 주차장,24시간 이용가능
목포 렉시호텔,1,AC완속,전라남도 목포시 원형동로 44 야외주차장,24시간 이용가능/시설 상황에 따라 이용이 제한될 수 있습니다
목포 렉시호텔,2,AC완속,전라남도 목포시 원형동로 44 야외주차장,24시간 이용가능/시설 상황에 따라 이용이 제한될 수 있습니다
목포 티파니에서아침을,1,AC완속,전라남도 목포시 평화로140번길 24 구내주차장,24시간 이용가능
목포주원병원,1,AC완속,전라남도 목포시 산계길 4-9 주차장,24시간 이용가능
목포주원병원,2,AC완속,전라남도 목포시 산계길 4-9 주차장,24시간 이용가능
목포국제여객터미널,1,DC콤보,전라남도 목포시 해안로148번길 14 ,24시간 이용가능
목포국제여객터미널,2,AC완속,전라남도 목포시 해안로148번길 14 ,24시간 이용가능
목포연안여객터미널,1,AC완속,전라남도 목포시 해안로 182 ,24시간 이용가능
목포연안여객터미널,2,AC완속,전라남도 목포시 해안로 182 ,24시간 이용가능
목포연안여객터미널,3,DC차데모+DC콤보,전라남도 목포시 해안로 182 ,24시간 이용가능
백련지구천년가-102동,1,AC완속,"전라남도 목포시 연산백련로1번길 79 102동 A 27,34",24시간 이용가능
백련지구천년가-102동,2,AC완속,"전라남도 목포시 연산백련로1번길 79 102동 A 27,34",24시간 이용가능
백련지구천년가-104동,1,AC완속,"전라남도 목포시 연산백련로1번길 79 104동 B 11,12",24시간 이용가능
백련지구천년가-104동,2,AC완속,"전라남도 목포시 연산백련로1번길 79 104동 B 11,12",24시간 이용가능
하당프라임아너팰리스/유한회사 프라임디앤씨,1,AC완속,전라남도 목포시 부흥로 69 ,24시간 이용가능
하당프라임아너팰리스/유한회사 프라임디앤씨,2,AC완속,전라남도 목포시 부흥로 69 ,24시간 이용가능
하당프라임아너팰리스/유한회사 프라임디앤씨,3,AC완속,전라남도 목포시 부흥로 69 ,24시간 이용가능
하당프라임아너팰리스/유한회사 프라임디앤씨,4,AC완속,전라남도 목포시 부흥로 69 ,24시간 이용가능
하당프라임아너팰리스/유한회사 프라임디앤씨,5,AC완속,전라남도 목포시 부흥로 69 ,24시간 이용가능
한국은행목포본부/한국은행,1,AC완속,전라남도 목포시 영산로 109 ,24시간 이용가능
500호 모텔,2,AC완속,전라남도 목포시 평화로140번길 22 전기차 충전소 주차장,24시간 이용가능
나인호텔,1,AC완속,전라남도 목포시 비파로108번길 7 호텔 주차장,24시간 이용가능
목포가족관광호텔,1,AC완속,전라남도 목포시 호남로64번길 28 지하주차장 졍면 우측 벽면,24시간 이용가능
목포가족관광호텔,2,AC완속,전라남도 목포시 호남로64번길 28 지하주차장 졍면 우측 벽면,24시간 이용가능
몰디브호텔,1,AC완속,전라남도 목포시 옥암로46번길 37 옥외주차장 우측 끝,24시간 이용가능
몰디브호텔,2,AC완속,전라남도 목포시 옥암로46번길 37 옥외주차장 우측 끝,24시간 이용가능
서해지방해양경찰청 특공대,1,AC완속,전라남도 목포시 고하대로597번길 99-20 주차장,24시간 이용가능
서해지방해양경찰청 특공대,2,AC완속,전라남도 목포시 고하대로597번길 99-20 주차장,24시간 이용가능
서해지방해양경찰청 특공대,3,AC완속,전라남도 목포시 고하대로597번길 99-20 주차장,24시간 이용가능
시티 호텔,1,AC완속,전라남도 목포시 번영로 26 주차장,24시간 이용가능
엠 호텔,1,AC완속,전라남도 목포시 호남로64번길 13 엠 호텔 주차장,24시간 이용가능
엠 호텔,2,AC완속,전라남도 목포시 호남로64번길 13 엠 호텔 주차장,24시간 이용가능
유토피아 가족호텔,1,AC완속,전라남도 목포시 평화로 65-9 건물 좌측 벽면 건물계량기함 우측,24시간 이용가능
유한회사 동양종합부품,1,AC완속,전라남도 목포시 녹색로134번길 7 주차장,24시간 이용가능
유한회사 동양종합부품,1,AC완속,전라남도 목포시 녹색로134번길 7 ,24시간 이용가능
유한회사 오션스테이호텔,1,AC완속,전라남도 목포시 북항로149번길 7 건물 우측 계단 옆 옹벽,24시간 이용가능
전남기아공업,1,AC완속,전라남도 목포시 대양산단로97번길 42-10 주차장,24시간 이용가능
청호시장,1,AC완속,전라남도 목포시 석현로 28 주차장,24시간 이용가능
청호시장,2,AC완속,전라남도 목포시 석현로 28 주차장,24시간 이용가능
한국지엠목포부품대리점,1,AC완속,전라남도 목포시 삼각로43번길 4 건물 우측 벽면,24시간 이용가능
호텔 디오션,1,AC완속,전라남도 목포시 신항로276번길 40 주차장,24시간 이용가능
궁무인호텔,1,AC완속,전라남도 목포시 신항로276번길 42 궁무인호텔,24시간 이용가능
궁무인호텔,2,AC완속,전라남도 목포시 신항로276번길 42 궁무인호텔,24시간 이용가능
그린카 목포점,1,AC완속,전라남도 목포시 호남동 101 ,24시간 이용가능
그린카 목포점,2,AC완속,전라남도 목포시 호남동 101 ,24시간 이용가능
그린카 목포점,3,AC완속,전라남도 목포시 호남동 101 ,24시간 이용가능
대성종합정비공업사,1,AC완속,전라남도 목포시 고하대로 801 대성종합정비공업사,24시간 이용가능
대성종합정비공업사,2,AC완속,전라남도 목포시 고하대로 801 대성종합정비공업사,24시간 이용가능
루쏘호텔,1,AC완속,전라남도 목포시 장미로 107 루쏘호텔,24시간 이용가능
루쏘호텔,2,AC완속,전라남도 목포시 장미로 107 루쏘호텔,24시간 이용가능
삼목장례프리드,1,AC완속,전라남도 목포시 청호로220번길 17 삼목장례프리드,24시간 이용가능
삼목장례프리드,2,AC완속,전라남도 목포시 청호로220번길 17 삼목장례프리드,24시간 이용가능
하이텔모텔,1,AC완속,전라남도 목포시 북항로 161 하이텔모텔,24시간 이용가능
하이텔모텔,2,AC완속,전라남도 목포시 북항로 161 하이텔모텔,24시간 이용가능
호텔드메르,1,AC완속,전라남도 목포시 통일대로 10 호텔드메르,24시간 이용가능
호텔드메르,2,AC완속,전라남도 목포시 통일대로 10 호텔드메르,24시간 이용가능
골드디움5차아파트,1,AC완속,전라남도 목포시 용해지구로88번길 23 골드디움5차아파트,09:00~18:00
골드디움5차아파트,2,AC완속,전라남도 목포시 용해지구로88번길 23 골드디움5차아파트,09:00~18:00
골드디움5차아파트,3,AC완속,전라남도 목포시 용해지구로88번길 23 골드디움5차아파트,09:00~18:00
골드디움5차아파트,4,AC완속,전라남도 목포시 용해지구로88번길 23 골드디움5차아파트,09:00~18:00
골드디움5차아파트,5,AC완속,전라남도 목포시 용해지구로88번길 23 골드디움5차아파트,09:00~18:00
골드디움5차아파트,6,AC완속,전라남도 목포시 용해지구로88번길 23 골드디움5차아파트,09:00~18:00
골드디움5차아파트,7,AC완속,전라남도 목포시 용해지구로88번길 23 골드디움5차아파트,09:00~18:00
골드디움5차아파트,8,AC완속,전라남도 목포시 용해지구로88번길 23 골드디움5차아파트,09:00~18:00
골드디움5차아파트,9,AC완속,전라남도 목포시 용해지구로88번길 23 골드디움5차아파트,09:00~18:00
골드디움5차아파트,10,AC완속,전라남도 목포시 용해지구로88번길 23 골드디움5차아파트,09:00~18:00
골드디움5차아파트,11,AC완속,전라남도 목포시 용해지구로88번길 23 골드디움5차아파트,09:00~18:00
골드디움5차아파트,12,AC완속,전라남도 목포시 용해지구로88번길 23 골드디움5차아파트,09:00~18:00
근화블루빌아파트,1,AC완속,전라남도 목포시 텃골로13번길 32 근화블루빌아파트,09:00~18:00
근화블루빌아파트,2,AC완속,전라남도 목포시 텃골로13번길 32 근화블루빌아파트,09:00~18:00
근화블루빌아파트,3,AC완속,전라남도 목포시 텃골로13번길 32 근화블루빌아파트,09:00~18:00
근화블루빌아파트,4,AC완속,전라남도 목포시 텃골로13번길 32 근화블루빌아파트,09:00~18:00
근화블루빌아파트,5,AC완속,전라남도 목포시 텃골로13번길 32 근화블루빌아파트,09:00~18:00
근화블루빌아파트,6,AC완속,전라남도 목포시 텃골로13번길 32 근화블루빌아파트,09:00~18:00
목포 근화희망타운3차아파트,1,AC완속,전라남도 목포시 산양로 50 목포 근화희망타운3차아파트,09:00~18:00
방송통신대학교 목포시학습관 (완속충전기),0,AC완속,전라남도 목포시 백년대로412번길 14 방송통신대학교 목포시학습관 (완속충전기),09:00~18:00
하당 중흥s클래스 센텀뷰,1,AC완속,전라남도 목포시 비파로 96 하당 중흥s클래스 센텀뷰,09:00~18:00
하당 중흥s클래스 센텀뷰,2,AC완속,전라남도 목포시 비파로 96 하당 중흥s클래스 센텀뷰,09:00~18:00
하당 중흥s클래스 센텀뷰,3,AC완속,전라남도 목포시 비파로 96 하당 중흥s클래스 센텀뷰,09:00~18:00
하당 중흥s클래스 센텀뷰,4,AC완속,전라남도 목포시 비파로 96 하당 중흥s클래스 센텀뷰,09:00~18:00
하당 중흥s클래스 센텀뷰,5,AC완속,전라남도 목포시 비파로 96 하당 중흥s클래스 센텀뷰,09:00~18:00
하당 중흥s클래스 센텀뷰,6,AC완속,전라남도 목포시 비파로 96 하당 중흥s클래스 센텀뷰,09:00~18:00
하당 중흥s클래스 센텀뷰,7,AC완속,전라남도 목포시 비파로 96 하당 중흥s클래스 센텀뷰,09:00~18:00
하당 중흥s클래스 센텀뷰,8,AC완속,전라남도 목포시 비파로 96 하당 중흥s클래스 센텀뷰,09:00~18:00
하당 중흥s클래스 센텀뷰,9,AC완속,전라남도 목포시 비파로 96 하당 중흥s클래스 센텀뷰,09:00~18:00
하당 중흥s클래스 센텀뷰,10,AC완속,전라남도 목포시 비파로 96 하당 중흥s클래스 센텀뷰,09:00~18:00
하당 중흥s클래스 센텀뷰,11,AC완속,전라남도 목포시 비파로 96 하당 중흥s클래스 센텀뷰,09:00~18:00
한울편안채 101동,2,AC완속,전라남도 목포시 신촌로 27-1 한울편안채 101동,09:00~18:00
목포하당제일101동,1,AC완속,전라남도 목포시 미항로 206 ,24시간 이용가능
목포하당제일101동,2,AC완속,전라남도 목포시 미항로 206 ,24시간 이용가능
한국전기안전공사 전남서부지사,1,AC완속,전라남도 목포시 호남로 72 ,평일 09:00~18:00
한국전기안전공사 전남서부지사,2,AC완속,전라남도 목포시 호남로 72 ,평일 09:00~18:00
한국전기안전공사 전남서부지사,3,AC완속,전라남도 목포시 호남로 72 ,평일 09:00~18:00
한국전기안전공사 전남서부지사,4,AC완속,전라남도 목포시 호남로 72 ,평일 09:00~18:00
목포 세안종합병원,1,AC완속,전라남도 목포시 고하대로 795-2 ,24시간 이용가능
목포 세안종합병원,2,AC완속,전라남도 목포시 고하대로 795-2 ,24시간 이용가능
목포 세안종합병원,3,DC콤보,전라남도 목포시 고하대로 795-2 ,24시간 이용가능
목포 세안종합병원,4,DC콤보,전라남도 목포시 고하대로 795-2 ,24시간 이용가능
목포라송센트렐카운티1차,1,AC완속,전라남도 목포시 양을로99번길 8 ,24시간 이용가능
목포라송센트렐카운티1차,2,AC완속,전라남도 목포시 양을로99번길 8 ,24시간 이용가능
목포라송센트렐카운티1차,3,AC완속,전라남도 목포시 양을로99번길 8 ,24시간 이용가능
목포라송센트렐카운티1차,4,AC완속,전라남도 목포시 양을로99번길 8 ,24시간 이용가능
목포라송센트렐카운티1차,5,AC완속,전라남도 목포시 양을로99번길 8 ,24시간 이용가능
목포시의료원,1,AC완속,전라남도 목포시 이로로 18 ,24시간 이용가능
목포시의료원,2,AC완속,전라남도 목포시 이로로 18 ,24시간 이용가능
목포시의료원,3,AC완속,전라남도 목포시 이로로 18 ,24시간 이용가능
목포시의료원,4,DC콤보,전라남도 목포시 이로로 18 ,24시간 이용가능
목포시의료원,5,DC콤보,전라남도 목포시 이로로 18 ,24시간 이용가능
신안인스빌아파트,1,AC완속,전라남도 목포시 삼학로 363 ,24시간 이용가능
신안인스빌아파트,2,AC완속,전라남도 목포시 삼학로 363 ,24시간 이용가능
신안인스빌아파트,3,AC완속,전라남도 목포시 삼학로 363 ,24시간 이용가능
신안인스빌아파트,4,AC완속,전라남도 목포시 삼학로 363 ,24시간 이용가능
신안인스빌아파트,5,AC완속,전라남도 목포시 삼학로 363 ,24시간 이용가능
신안비치3차아파트,1,AC완속,전라남도 목포시 고하대로 641-11 ,24시간 이용가능
신안비치3차아파트,2,AC완속,전라남도 목포시 고하대로 641-11 ,24시간 이용가능
신안비치3차아파트,3,AC완속,전라남도 목포시 고하대로 641-11 ,24시간 이용가능
신안비치3차아파트,4,AC완속,전라남도 목포시 고하대로 641-11 ,24시간 이용가능
신안비치3차아파트,5,AC완속,전라남도 목포시 고하대로 641-11 ,24시간 이용가능
신안비치3차아파트,6,AC완속,전라남도 목포시 고하대로 641-11 ,24시간 이용가능
청년창업,1,AC완속,전라남도 목포시 양을로 203 -0,24시간 이용가능
청년창업,2,AC완속,전라남도 목포시 양을로 203 -0,24시간 이용가능
하당제일1차아파트,1,AC완속,전라남도 목포시 미항로 206 하당제일1차아파트,24시간 이용가능
하당제일1차아파트,2,AC완속,전라남도 목포시 미항로 206 하당제일1차아파트,24시간 이용가능
목포대학교 목포캠퍼스 어울림관,1,AC완속,전라남도 목포시 송림로41번길 11 ,24시간 이용가능
목포대학교 목포캠퍼스 어울림관,2,AC완속,전라남도 목포시 송림로41번길 11 ,24시간 이용가능
마창여객 삼학도차고지,1,DC콤보,전라남도 목포시 삼학로 172 ,24시간 이용가능
마창여객 삼학도차고지,2,DC콤보,전라남도 목포시 삼학로 172 ,24시간 이용가능
마창여객 삼학도차고지,3,DC콤보,전라남도 목포시 삼학로 172 ,24시간 이용가능
마창여객 삼학도차고지,4,DC콤보,전라남도 목포시 삼학로 172 ,24시간 이용가능
마창여객 삼학도차고지,5,DC콤보,전라남도 목포시 삼학로 172 ,24시간 이용가능
마창여객 삼학도차고지,6,DC콤보,전라남도 목포시 삼학로 172 ,24시간 이용가능
마창여객 삼학도차고지,7,DC콤보,전라남도 목포시 삼학로 172 ,24시간 이용가능
마창여객 삼학도차고지,8,DC콤보,전라남도 목포시 삼학로 172 ,24시간 이용가능
골드디움3차아파트,0,AC완속,전라남도 목포시 남악1로52번길 82 ,24시간 이용가능
골드디움3차아파트,1,AC완속,전라남도 목포시 남악1로52번길 82 ,24시간 이용가능
골드디움3차아파트,2,AC완속,전라남도 목포시 남악1로52번길 82 ,24시간 이용가능
골드디움3차아파트,3,AC완속,전라남도 목포시 남악1로52번길 82 ,24시간 이용가능
골드클래스9차아파트,1,AC완속,전라남도 목포시 연산백련로1번길 111 ,24시간 이용가능
골드클래스9차아파트,2,AC완속,전라남도 목포시 연산백련로1번길 111 ,24시간 이용가능
골드클래스9차아파트,3,AC완속,전라남도 목포시 연산백련로1번길 111 ,24시간 이용가능
근화밀레니엄,1,AC완속,전라남도 목포시 산정로 268 ,24시간 이용가능
근화밀레니엄,2,AC완속,전라남도 목포시 산정로 268 ,24시간 이용가능
목포 라송센트럴카운티 2차,0,AC완속,전남 목포시 청호로136번길 22 목포 라송센트럴카운티 2차,24시간 이용가능
목포 라송센트럴카운티 2차,1,AC완속,전남 목포시 청호로136번길 22 목포 라송센트럴카운티 2차,24시간 이용가능
목포 라송센트럴카운티 2차,2,AC완속,전남 목포시 청호로136번길 22 목포 라송센트럴카운티 2차,24시간 이용가능
목포 라송센트럴카운티 2차,3,AC완속,전남 목포시 청호로136번길 22 목포 라송센트럴카운티 2차,24시간 이용가능
목포 라송센트럴카운티 2차,4,AC완속,전남 목포시 청호로136번길 22 목포 라송센트럴카운티 2차,24시간 이용가능
목포 라송센트럴카운티 2차,5,AC완속,전남 목포시 청호로136번길 22 목포 라송센트럴카운티 2차,24시간 이용가능
목포 라송센트럴카운티 3차,0,AC완속,전남 목포시 석현로45번길 22-10 목포 라송센트럴카운티 3차,24시간 이용가능
목포 라송센트럴카운티 3차,1,AC완속,전남 목포시 석현로45번길 22-10 목포 라송센트럴카운티 3차,24시간 이용가능
목포 라송센트럴카운티 3차,2,AC완속,전남 목포시 석현로45번길 22-10 목포 라송센트럴카운티 3차,24시간 이용가능
목포 라송센트럴카운티 3차,3,AC완속,전남 목포시 석현로45번길 22-10 목포 라송센트럴카운티 3차,24시간 이용가능
목포 라송센트럴카운티 3차,4,AC완속,전남 목포시 석현로45번길 22-10 목포 라송센트럴카운티 3차,24시간 이용가능
목포 라송센트럴카운티 5차,0,AC완속,전남 목포시 영산로 648-24 목포 라송센트럴카운티 5차,24시간 이용가능
목포 라송센트럴카운티 5차,1,AC완속,전남 목포시 영산로 648-24 목포 라송센트럴카운티 5차,24시간 이용가능
목포 라송센트럴카운티 5차,2,AC완속,전남 목포시 영산로 648-24 목포 라송센트럴카운티 5차,24시간 이용가능
목포 라송센트럴카운티 5차,3,AC완속,전남 목포시 영산로 648-24 목포 라송센트럴카운티 5차,24시간 이용가능
목포 라송센트럴카운티 5차,4,AC완속,전남 목포시 영산로 648-24 목포 라송센트럴카운티 5차,24시간 이용가능
목포 라송센트럴카운티 5차,5,AC완속,전남 목포시 영산로 648-24 목포 라송센트럴카운티 5차,24시간 이용가능
목포 라송센트럴카운티 5차,6,AC완속,전남 목포시 영산로 648-24 목포 라송센트럴카운티 5차,24시간 이용가능
목포 라송센트럴카운티 5차,7,AC완속,전남 목포시 영산로 648-24 목포 라송센트럴카운티 5차,24시간 이용가능
목포 라송센트럴카운티 5차,8,AC완속,전남 목포시 영산로 648-24 목포 라송센트럴카운티 5차,24시간 이용가능
목포 라송센트럴카운티 5차,9,AC완속,전남 목포시 영산로 648-24 목포 라송센트럴카운티 5차,24시간 이용가능
목포 라송센트럴카운티 5차,10,AC완속,전남 목포시 영산로 648-24 목포 라송센트럴카운티 5차,24시간 이용가능
목포 라송센트럴카운티 5차,11,AC완속,전남 목포시 영산로 648-24 목포 라송센트럴카운티 5차,24시간 이용가능
목포 라송센트럴카운티 5차,12,AC완속,전남 목포시 영산로 648-24 목포 라송센트럴카운티 5차,24시간 이용가능
목포 라송센트럴카운티 5차,13,AC완속,전남 목포시 영산로 648-24 목포 라송센트럴카운티 5차,24시간 이용가능
목포 라송센트럴카운티 5차,14,AC완속,전남 목포시 영산로 648-24 목포 라송센트럴카운티 5차,24시간 이용가능
목포 라송센트럴카운티 5차,15,AC완속,전남 목포시 영산로 648-24 목포 라송센트럴카운티 5차,24시간 이용가능
에메랄드 퀸아파트,1,AC완속,전라남도 목포시 평화로83번길 16 ,24시간 이용가능
에메랄드 퀸아파트,2,AC완속,전라남도 목포시 평화로83번길 16 ,24시간 이용가능
에메랄드 퀸아파트,3,AC완속,전라남도 목포시 평화로83번길 16 ,24시간 이용가능
에메랄드 퀸아파트,4,AC완속,전라남도 목포시 평화로83번길 16 ,24시간 이용가능
에메랄드 퀸아파트,5,AC완속,전라남도 목포시 평화로83번길 16 ,24시간 이용가능
에메랄드 퀸아파트,6,AC완속,전라남도 목포시 평화로83번길 16 ,24시간 이용가능
에메랄드 퀸아파트,7,AC완속,전라남도 목포시 평화로83번길 16 ,24시간 이용가능
에메랄드 퀸아파트,8,AC완속,전라남도 목포시 평화로83번길 16 ,24시간 이용가능
에메랄드 퀸아파트,9,AC완속,전라남도 목포시 평화로83번길 16 ,24시간 이용가능
에메랄드 퀸아파트,10,AC완속,전라남도 목포시 평화로83번길 16 ,24시간 이용가능
에메랄드 퀸아파트,11,AC완속,전라남도 목포시 평화로83번길 16 ,24시간 이용가능
에메랄드 퀸아파트,12,AC완속,전라남도 목포시 평화로83번길 16 ,24시간 이용가능
하당현대아파트,1,AC완속,전라남도 목포시 통일대로37번길 33 ,24시간 이용가능
하당현대아파트,2,AC완속,전라남도 목포시 통일대로37번길 33 ,24시간 이용가능
하당현대아파트,3,AC완속,전라남도 목포시 통일대로37번길 33 ,24시간 이용가능
하당현대아파트,4,AC완속,전라남도 목포시 통일대로37번길 33 ,24시간 이용가능
하당현대아파트,5,AC완속,전라남도 목포시 통일대로37번길 33 ,24시간 이용가능
하당현대아파트,6,AC완속,전라남도 목포시 통일대로37번길 33 ,24시간 이용가능
하당현대아파트,7,AC완속,전라남도 목포시 통일대로37번길 33 ,24시간 이용가능
하당현대아파트,8,AC완속,전라남도 목포시 통일대로37번길 33 ,24시간 이용가능
국립호남권 생물자원관,1,AC완속,전라남도 목포시 고하도안길 99 ,08:00~22:00
국립호남권생물자원관 (급),1,DC콤보,전라남도 목포시 고하도안길 99 ,08:00~22:00
근화희망타운2차아파트,1,AC완속,전라남도 목포시 산양로 40 ,24시간 이용가능
근화희망타운2차아파트,2,AC완속,전라남도 목포시 산양로 40 ,24시간 이용가능
근화희망타운2차아파트,3,AC완속,전라남도 목포시 산양로 40 ,24시간 이용가능
목포 포르모큐브 BF2,1,AC완속,전라남도 목포시 옥암로 95 ,24시간 이용가능
목포 포르모큐브 BF2,2,AC완속,전라남도 목포시 옥암로 95 ,24시간 이용가능
목포라인아파트 지상주차장,1,AC완속,전라남도 목포시 원산주택로 25 ,24시간 이용가능
목포라인아파트 지상주차장,2,AC완속,전라남도 목포시 원산주택로 25 ,24시간 이용가능
목포라인아파트 지상주차장,3,AC완속,전라남도 목포시 원산주택로 25 ,24시간 이용가능
목포라인아파트 지상주차장,4,AC완속,전라남도 목포시 원산주택로 25 ,24시간 이용가능
목포라인아파트 지상주차장,5,AC완속,전라남도 목포시 원산주택로 25 ,24시간 이용가능
목포라인아파트 지상주차장,6,AC완속,전라남도 목포시 원산주택로 25 ,24시간 이용가능
목포라인아파트 지상주차장,7,AC완속,전라남도 목포시 원산주택로 25 ,24시간 이용가능
영신그린빌 뒤편 지상주차장,1,AC완속,전라남도 목포시 신흥로83번길 2 ,24시간 이용가능
영신그린빌 뒤편 지상주차장,2,AC완속,전라남도 목포시 신흥로83번길 2 ,24시간 이용가능
영신그린빌 뒤편 지상주차장,3,AC완속,전라남도 목포시 신흥로83번길 2 ,24시간 이용가능
전남 목포 호텔디오션(7kW),1,AC완속,전라남도 목포시 신항로276번길 40 (달동),24시간 이용가능
목포 군인아파트,1,DC콤보,전라남도 목포시 녹색로 273 주차장,24시간 이용가능
삼창골프연습장,1,AC완속,전라남도 목포시 대양로109번길 53 삼창골프연습장,24시간 이용가능
광주은행 목포지점,1,DC콤보,전라남도 목포시 영산로 93 ,24시간 이용가능
목포 MBC사옥,1,AC완속,전라남도 목포시 영산로 334 ,24시간 이용가능
목포 MBC사옥,2,AC완속,전라남도 목포시 영산로 334 ,24시간 이용가능
목포 상동현대아파트,1,AC완속,전라남도 목포시 상동로 33 ,24시간 이용가능
목포 상동현대아파트,2,AC완속,전라남도 목포시 상동로 33 ,24시간 이용가능
목포 상동현대아파트,3,AC완속,전라남도 목포시 상동로 33 ,24시간 이용가능
목포 상동현대아파트,4,AC완속,전라남도 목포시 상동로 33 ,24시간 이용가능
목포 상동현대아파트,5,AC완속,전라남도 목포시 상동로 33 ,24시간 이용가능
목포 상동현대아파트,6,AC완속,전라남도 목포시 상동로 33 ,24시간 이용가능
목포 상동현대아파트,7,AC완속,전라남도 목포시 상동로 33 ,24시간 이용가능
목포 상동현대아파트,8,AC완속,전라남도 목포시 상동로 33 ,24시간 이용가능
목포 상동현대아파트,9,AC완속,전라남도 목포시 상동로 33 ,24시간 이용가능
목포 성지비버리힐스아파트,1,AC완속,전라남도 목포시 평화로14번길 6 ,24시간 이용가능
목포 성지비버리힐스아파트,2,AC완속,전라남도 목포시 평화로14번길 6 ,24시간 이용가능
목포 성지비버리힐스아파트,3,AC완속,전라남도 목포시 평화로14번길 6 ,24시간 이용가능
목포 성지비버리힐스아파트,4,AC완속,전라남도 목포시 평화로14번길 6 ,24시간 이용가능
목포 성지비버리힐스아파트,5,AC완속,전라남도 목포시 평화로14번길 6 ,24시간 이용가능
목포 연산주공2단지아파트,1,AC완속,전라남도 목포시 원산중앙로 108 ,24시간 이용가능
목포 연산주공2단지아파트,2,AC완속,전라남도 목포시 원산중앙로 108 ,24시간 이용가능
목포 연산주공2단지아파트,3,AC완속,전라남도 목포시 원산중앙로 108 ,24시간 이용가능
목포 연산주공2단지아파트,4,AC완속,전라남도 목포시 원산중앙로 108 ,24시간 이용가능
목포 연산주공2단지아파트,5,AC완속,전라남도 목포시 원산중앙로 108 ,24시간 이용가능
목포 연산주공2단지아파트,6,AC완속,전라남도 목포시 원산중앙로 108 ,24시간 이용가능
목포 옥암골드클래스아파트,1,AC완속,전라남도 목포시 남악1로16번길 10 ,24시간 이용가능
목포 옥암골드클래스아파트,2,AC완속,전라남도 목포시 남악1로16번길 10 ,24시간 이용가능
목포 옥암골드클래스아파트,3,AC완속,전라남도 목포시 남악1로16번길 10 ,24시간 이용가능
목포 옥암골드클래스아파트,4,AC완속,전라남도 목포시 남악1로16번길 10 ,24시간 이용가능
목포 옥암골드클래스아파트,5,AC완속,전라남도 목포시 남악1로16번길 10 ,24시간 이용가능
목포 옥암골드클래스아파트,6,AC완속,전라남도 목포시 남악1로16번길 10 ,24시간 이용가능
목포 옥암골드클래스아파트,7,AC완속,전라남도 목포시 남악1로16번길 10 ,24시간 이용가능
목포 옥암골드클래스아파트,8,AC완속,전라남도 목포시 남악1로16번길 10 ,24시간 이용가능
목포 옥암골드클래스아파트,9,AC완속,전라남도 목포시 남악1로16번길 10 ,24시간 이용가능
목포 옥암골드클래스아파트,10,AC완속,전라남도 목포시 남악1로16번길 10 ,24시간 이용가능
목포 옥암골드클래스아파트,11,AC완속,전라남도 목포시 남악1로16번길 10 ,24시간 이용가능
목포 옥암코아루아파트,1,AC완속,전라남도 목포시 당가두로13번길 12 ,24시간 이용가능
목포 옥암코아루아파트,2,AC완속,전라남도 목포시 당가두로13번길 12 ,24시간 이용가능
목포 옥암코아루아파트,3,AC완속,전라남도 목포시 당가두로13번길 12 ,24시간 이용가능
목포 옥암코아루아파트,4,AC완속,전라남도 목포시 당가두로13번길 12 ,24시간 이용가능
목포 옥암코아루아파트,5,AC완속,전라남도 목포시 당가두로13번길 12 ,24시간 이용가능
목포 옥암코아루아파트,6,AC완속,전라남도 목포시 당가두로13번길 12 ,24시간 이용가능
목포 옥암코아루아파트,7,AC완속,전라남도 목포시 당가두로13번길 12 ,24시간 이용가능
목포 옥암코아루아파트,8,AC완속,전라남도 목포시 당가두로13번길 12 ,24시간 이용가능
목포 옥암푸르지오아파트,1,AC완속,전라남도 목포시 남악1로 51 ,24시간 이용가능
목포 옥암푸르지오아파트,2,AC완속,전라남도 목포시 남악1로 51 ,24시간 이용가능
목포 옥암푸르지오아파트,3,AC완속,전라남도 목포시 남악1로 51 ,24시간 이용가능
목포 옥암푸르지오아파트,4,AC완속,전라남도 목포시 남악1로 51 ,24시간 이용가능
목포 옥암푸르지오아파트,5,AC완속,전라남도 목포시 남악1로 51 ,24시간 이용가능
목포 옥암푸르지오아파트,6,AC완속,전라남도 목포시 남악1로 51 ,24시간 이용가능
목포 옥암푸르지오아파트,7,AC완속,전라남도 목포시 남악1로 51 ,24시간 이용가능
목포 용당주공1단지아파트,1,AC완속,전라남도 목포시 송림로 5 ,24시간 이용가능
목포 용당주공1단지아파트,2,AC완속,전라남도 목포시 송림로 5 ,24시간 이용가능
목포 용당주공1단지아파트,3,AC완속,전라남도 목포시 송림로 5 ,24시간 이용가능
목포 용당주공1단지아파트,4,AC완속,전라남도 목포시 송림로 5 ,24시간 이용가능
목포 용당주공1단지아파트,5,AC완속,전라남도 목포시 송림로 5 ,24시간 이용가능
목포 용당주공1단지아파트,6,AC완속,전라남도 목포시 송림로 5 ,24시간 이용가능
목포 용당주공1단지아파트,7,AC완속,전라남도 목포시 송림로 5 ,24시간 이용가능
목포 우성아파트,1,AC완속,전라남도 목포시 신흥로 13 ,24시간 이용가능
목포 우성아파트,2,AC완속,전라남도 목포시 신흥로 13 ,24시간 이용가능
목포 우성아파트,3,AC완속,전라남도 목포시 신흥로 13 ,24시간 이용가능
목포 우성아파트,4,AC완속,전라남도 목포시 신흥로 13 ,24시간 이용가능
목포 우성아파트,5,AC완속,전라남도 목포시 신흥로 13 ,24시간 이용가능
목포 우성아파트,6,AC완속,전라남도 목포시 신흥로 13 ,24시간 이용가능
목포 종합버스터미널,1,AC완속,전라남도 목포시 영산로 525 ,24시간 이용가능
목포 종합버스터미널,2,AC완속,전라남도 목포시 영산로 525 ,24시간 이용가능
목포 하당꿈동산신안2차아파트,1,AC완속,전라남도 목포시 하당로 14 ,24시간 이용가능
목포 하당꿈동산신안2차아파트,2,AC완속,전라남도 목포시 하당로 14 ,24시간 이용가능
목포 하당꿈동산신안2차아파트,3,AC완속,전라남도 목포시 하당로 14 ,24시간 이용가능
목포 하당꿈동산신안2차아파트,4,AC완속,전라남도 목포시 하당로 14 ,24시간 이용가능
목포 하당꿈동산신안2차아파트,5,AC완속,전라남도 목포시 하당로 14 ,24시간 이용가능
목포 하당꿈동산신안2차아파트,6,AC완속,전라남도 목포시 하당로 14 ,24시간 이용가능
목포 하당꿈동산신안2차아파트,7,AC완속,전라남도 목포시 하당로 14 ,24시간 이용가능
목포 하당꿈동산신안2차아파트,8,AC완속,전라남도 목포시 하당로 14 ,24시간 이용가능
목포 하당꿈동산신안2차아파트,9,AC완속,전라남도 목포시 하당로 14 ,24시간 이용가능
목포 하당꿈동산신안2차아파트,10,AC완속,전라남도 목포시 하당로 14 ,24시간 이용가능
목포 하당꿈동산신안2차아파트,11,AC완속,전라남도 목포시 하당로 14 ,24시간 이용가능
목포 하당꿈동산신안2차아파트,12,AC완속,전라남도 목포시 하당로 14 ,24시간 이용가능
목포 하당꿈동산신안2차아파트,13,AC완속,전라남도 목포시 하당로 14 ,24시간 이용가능
목포 하당꿈동산신안2차아파트,14,AC완속,전라남도 목포시 하당로 14 ,24시간 이용가능
목포 하당꿈동산신안2차아파트,15,AC완속,전라남도 목포시 하당로 14 ,24시간 이용가능
목포 하당꿈동산신안2차아파트,16,AC완속,전라남도 목포시 하당로 14 ,24시간 이용가능
목포 하당꿈동산신안2차아파트,17,AC완속,전라남도 목포시 하당로 14 ,24시간 이용가능
목포 하당꿈동산신안2차아파트,18,AC완속,전라남도 목포시 하당로 14 ,24시간 이용가능
목포 하당제일풍경채3차아파트,1,AC완속,전라남도 목포시 하당로289번길 16 ,24시간 이용가능
목포 하당제일풍경채3차아파트,2,AC완속,전라남도 목포시 하당로289번길 16 ,24시간 이용가능
목포 하당제일풍경채3차아파트,3,AC완속,전라남도 목포시 하당로289번길 16 ,24시간 이용가능
목포 하당제일풍경채3차아파트,4,AC완속,전라남도 목포시 하당로289번길 16 ,24시간 이용가능
목포 하당제일풍경채3차아파트,5,AC완속,전라남도 목포시 하당로289번길 16 ,24시간 이용가능
목포 하당제일풍경채3차아파트,6,AC완속,전라남도 목포시 하당로289번길 16 ,24시간 이용가능
목포 하당제일풍경채3차아파트,7,AC완속,전라남도 목포시 하당로289번길 16 ,24시간 이용가능
목포 하당제일풍경채3차아파트,8,AC완속,전라남도 목포시 하당로289번길 16 ,24시간 이용가능
목포 하당제일풍경채3차아파트,9,AC완속,전라남도 목포시 하당로289번길 16 ,24시간 이용가능
목포 하당현대아파트,1,AC완속,전라남도 목포시 통일대로37번길 33 ,24시간 이용가능
목포 하당현대아파트,2,AC완속,전라남도 목포시 통일대로37번길 33 ,24시간 이용가능
목포 하당현대아파트,3,AC완속,전라남도 목포시 통일대로37번길 33 ,24시간 이용가능
목포 하당현대아파트,4,AC완속,전라남도 목포시 통일대로37번길 33 ,24시간 이용가능
목포 하당현대아파트,5,AC완속,전라남도 목포시 통일대로37번길 33 ,24시간 이용가능
목포 하당현대아파트,6,AC완속,전라남도 목포시 통일대로37번길 33 ,24시간 이용가능
목포 하당현대아파트,7,AC완속,전라남도 목포시 통일대로37번길 33 ,24시간 이용가능
목포 하당현대아파트,8,AC완속,전라남도 목포시 통일대로37번길 33 ,24시간 이용가능
목포 하당현대아파트,9,AC완속,전라남도 목포시 통일대로37번길 33 ,24시간 이용가능
목포 하당현대아파트,10,AC완속,전라남도 목포시 통일대로37번길 33 ,24시간 이용가능
목포 하당현대아파트,11,AC완속,전라남도 목포시 통일대로37번길 33 ,24시간 이용가능
목포 하당현대아파트,12,AC완속,전라남도 목포시 통일대로37번길 33 ,24시간 이용가능
목포 하당현대아파트,13,AC완속,전라남도 목포시 통일대로37번길 33 ,24시간 이용가능
목포 하당현대아파트,14,AC완속,전라남도 목포시 통일대로37번길 33 ,24시간 이용가능
목포 하당현대아파트,15,AC완속,전라남도 목포시 통일대로37번길 33 ,24시간 이용가능
목포 하당현대아파트,16,AC완속,전라남도 목포시 통일대로37번길 33 ,24시간 이용가능
목포 하당현대아파트,17,AC완속,전라남도 목포시 통일대로37번길 33 ,24시간 이용가능
목포 하당현대아파트,18,AC완속,전라남도 목포시 통일대로37번길 33 ,24시간 이용가능
목포 하당현대아파트,19,AC완속,전라남도 목포시 통일대로37번길 33 ,24시간 이용가능
목포 하당현대아파트,20,AC완속,전라남도 목포시 통일대로37번길 33 ,24시간 이용가능
목포 하당현대아파트,21,AC완속,전라남도 목포시 통일대로37번길 33 ,24시간 이용가능
목포 한양립스더포레아파트,1,DC차데모+AC3상+DC콤보,전라남도 목포시 영산로 719-32 ,24시간 이용가능
목포 한양립스더포레아파트,2,AC완속,전라남도 목포시 영산로 719-32 ,24시간 이용가능
목포 한양립스더포레아파트,3,AC완속,전라남도 목포시 영산로 719-32 ,24시간 이용가능
목포 한양립스더포레아파트,4,AC완속,전라남도 목포시 영산로 719-32 ,24시간 이용가능
목포 한양립스더포레아파트,5,AC완속,전라남도 목포시 영산로 719-32 ,24시간 이용가능
목포 한양립스더포레아파트,6,AC완속,전라남도 목포시 영산로 719-32 ,24시간 이용가능
목포 한양립스더포레아파트,7,AC완속,전라남도 목포시 영산로 719-32 ,24시간 이용가능
목포 한양립스더포레아파트,8,AC완속,전라남도 목포시 영산로 719-32 ,24시간 이용가능
목포 한양립스더포레아파트,9,AC완속,전라남도 목포시 영산로 719-32 ,24시간 이용가능
목포 한양립스더포레아파트,10,AC완속,전라남도 목포시 영산로 719-32 ,24시간 이용가능
목포 한양립스더포레아파트,11,AC완속,전라남도 목포시 영산로 719-32 ,24시간 이용가능
목포 한양립스더포레아파트,12,AC완속,전라남도 목포시 영산로 719-32 ,24시간 이용가능
목포 한양립스더포레아파트,13,AC완속,전라남도 목포시 영산로 719-32 ,24시간 이용가능
목포 한양립스더포레아파트,14,AC완속,전라남도 목포시 영산로 719-32 ,24시간 이용가능
목포 한양립스더포레아파트,15,AC완속,전라남도 목포시 영산로 719-32 ,24시간 이용가능
목포 한양립스더포레아파트,16,AC완속,전라남도 목포시 영산로 719-32 ,24시간 이용가능
목포 한양립스더포레아파트,17,AC완속,전라남도 목포시 영산로 719-32 ,24시간 이용가능
목포 한양립스더포레아파트,18,AC완속,전라남도 목포시 영산로 719-32 ,24시간 이용가능
목포 한양립스더포레아파트,19,AC완속,전라남도 목포시 영산로 719-32 ,24시간 이용가능
목포 한양립스더포레아파트,20,AC완속,전라남도 목포시 영산로 719-32 ,24시간 이용가능
목포 한양립스더포레아파트,21,AC완속,전라남도 목포시 영산로 719-32 ,24시간 이용가능
목포 한양립스더포레아파트,22,AC완속,전라남도 목포시 영산로 719-32 ,24시간 이용가능
목포 한양립스더포레아파트,23,AC완속,전라남도 목포시 영산로 719-32 ,24시간 이용가능
목포 한양립스더포레아파트,24,AC완속,전라남도 목포시 영산로 719-32 ,24시간 이용가능
목포 한양립스더포레아파트,25,AC완속,전라남도 목포시 영산로 719-32 ,24시간 이용가능
목포 한양립스더포레아파트,26,AC완속,전라남도 목포시 영산로 719-32 ,24시간 이용가능
목포 한양립스더포레아파트,27,AC완속,전라남도 목포시 영산로 719-32 ,24시간 이용가능
목포 한양립스더포레아파트,28,AC완속,전라남도 목포시 영산로 719-32 ,24시간 이용가능
목포 한양립스더포레아파트,29,AC완속,전라남도 목포시 영산로 719-32 ,24시간 이용가능
목포 한양립스더포레아파트,30,AC완속,전라남도 목포시 영산로 719-32 ,24시간 이용가능
목포중앙병원,1,AC완속,전라남도 목포시 영산로 623 ,24시간 이용가능
목포중앙병원,2,AC완속,전라남도 목포시 영산로 623 ,24시간 이용가능
목포중앙병원,3,AC완속,전라남도 목포시 영산로 623 ,24시간 이용가능
목포중앙병원,4,AC완속,전라남도 목포시 영산로 623 ,24시간 이용가능
목포중앙병원,5,AC완속,전라남도 목포시 영산로 623 ,24시간 이용가능
목포중앙병원,6,AC완속,전라남도 목포시 영산로 623 ,24시간 이용가능
롯데마트맥스 목포점,1,DC콤보,전라남도 목포시 원형서로 15 롯데마트맥스 목포점 지상 4층,10:00 ~ 23:00
롯데마트맥스 목포점,2,DC콤보,전라남도 목포시 원형서로 15 롯데마트맥스 목포점 지상 4층,10:00 ~ 23:00
롯데마트맥스 목포점,3,DC콤보,전라남도 목포시 원형서로 15 롯데마트맥스 목포점 지상 4층,10:00 ~ 23:00
롯데마트맥스 목포점,4,DC콤보,전라남도 목포시 원형서로 15 롯데마트맥스 목포점 지상 4층,10:00 ~ 23:00
롯데마트맥스 목포점,5,DC콤보,전라남도 목포시 원형서로 15 롯데마트맥스 목포점 지상 4층,10:00 ~ 23:00
롯데마트맥스 목포점,6,DC콤보,전라남도 목포시 원형서로 15 롯데마트맥스 목포점 지상 4층,10:00 ~ 23:00
롯데마트맥스 목포점,7,DC콤보,전라남도 목포시 원형서로 15 롯데마트맥스 목포점 지상 4층,10:00 ~ 23:00
롯데마트맥스 목포점,8,DC콤보,전라남도 목포시 원형서로 15 롯데마트맥스 목포점 지상 4층,10:00 ~ 23:00
롯데마트맥스 목포점,9,DC콤보,전라남도 목포시 원형서로 15 롯데마트맥스 목포점 지상 4층,10:00 ~ 23:00
롯데마트맥스 목포점,10,DC콤보,전라남도 목포시 원형서로 15 롯데마트맥스 목포점 지상 4층,10:00 ~ 23:00
롯데마트맥스 목포점,11,DC콤보,전라남도 목포시 원형서로 15 롯데마트맥스 목포점 지상 4층,10:00 ~ 23:00
롯데웰푸드 목포지점,1,AC완속,전라남도 목포시 석현로 13 롯데웰푸드 목포,24시간 이용가능
롯데웰푸드 목포지점,2,AC완속,전라남도 목포시 석현로 13 롯데웰푸드 목포,24시간 이용가능
롯데웰푸드 목포지점,3,AC완속,전라남도 목포시 석현로 13 롯데웰푸드 목포,24시간 이용가능
롯데웰푸드 목포지점,4,AC완속,전라남도 목포시 석현로 13 롯데웰푸드 목포,24시간 이용가능
롯데웰푸드 목포지점,5,AC완속,전라남도 목포시 석현로 13 롯데웰푸드 목포,24시간 이용가능
롯데칠성음료 목포영업소,1,AC완속,전라남도 목포시 석현로 29 롯데칠성음료 목포영업소 지상 1층,24시간 이용가능
목포종합운동장 제1주차장,1,DC콤보,전라남도 목포시 대양산단로 25 목포종합운동장 제1주차장,24시간 이용가능
목포종합운동장 제1주차장,2,DC콤보,전라남도 목포시 대양산단로 25 목포종합운동장 제1주차장,24시간 이용가능
목포종합운동장 제1주차장,3,DC차데모+AC3상+DC콤보,전라남도 목포시 대양산단로 25 목포종합운동장 제1주차장,24시간 이용가능
목포종합운동장 제1주차장,4,AC완속,전라남도 목포시 대양산단로 25 목포종합운동장 제1주차장,24시간 이용가능
목포종합운동장 제1주차장,5,AC완속,전라남도 목포시 대양산단로 25 목포종합운동장 제1주차장,24시간 이용가능
목포종합운동장 제1주차장,6,AC완속,전라남도 목포시 대양산단로 25 목포종합운동장 제1주차장,24시간 이용가능
라송센트럴카운티2차아파트,1,AC완속,전라남도 목포시 청호로136번길 22 라송센트럴카운티2차아파트,24시간 이용가능
라송센트럴카운티2차아파트,2,AC완속,전라남도 목포시 청호로136번길 22 라송센트럴카운티2차아파트,24시간 이용가능
라송센트럴카운티2차아파트,3,AC완속,전라남도 목포시 청호로136번길 22 라송센트럴카운티2차아파트,24시간 이용가능
라송센트럴카운티2차아파트,4,AC완속,전라남도 목포시 청호로136번길 22 라송센트럴카운티2차아파트,24시간 이용가능
라송센트럴카운티2차아파트,5,AC완속,전라남도 목포시 청호로136번길 22 라송센트럴카운티2차아파트,24시간 이용가능
라송센트럴카운티2차아파트,6,AC완속,전라남도 목포시 청호로136번길 22 라송센트럴카운티2차아파트,24시간 이용가능
라송센트럴카운티3차아파트,1,AC완속,전라남도 목포시 석현로45번길 22-10 ,24시간 이용가능
라송센트럴카운티3차아파트,2,AC완속,전라남도 목포시 석현로45번길 22-10 ,24시간 이용가능
라송센트럴카운티3차아파트,3,AC완속,전라남도 목포시 석현로45번길 22-10 ,24시간 이용가능
라송센트럴카운티3차아파트,4,AC완속,전라남도 목포시 석현로45번길 22-10 ,24시간 이용가능
라송센트럴카운티3차아파트,5,AC완속,전라남도 목포시 석현로45번길 22-10 ,24시간 이용가능
라송센트럴카운티5차아파트,1,AC완속,전라남도 목포시 영산로 648-24 라송센트럴카운티5차아파트,24시간 이용가능
라송센트럴카운티5차아파트,2,AC완속,전라남도 목포시 영산로 648-24 라송센트럴카운티5차아파트,24시간 이용가능
라송센트럴카운티5차아파트,3,AC완속,전라남도 목포시 영산로 648-24 라송센트럴카운티5차아파트,24시간 이용가능
라송센트럴카운티5차아파트,4,AC완속,전라남도 목포시 영산로 648-24 라송센트럴카운티5차아파트,24시간 이용가능
라송센트럴카운티5차아파트,5,AC완속,전라남도 목포시 영산로 648-24 라송센트럴카운티5차아파트,24시간 이용가능
라송센트럴카운티5차아파트,6,AC완속,전라남도 목포시 영산로 648-24 라송센트럴카운티5차아파트,24시간 이용가능
라송센트럴카운티5차아파트,7,AC완속,전라남도 목포시 영산로 648-24 라송센트럴카운티5차아파트,24시간 이용가능
라송센트럴카운티5차아파트,8,AC완속,전라남도 목포시 영산로 648-24 라송센트럴카운티5차아파트,24시간 이용가능
라송센트럴카운티5차아파트,9,AC완속,전라남도 목포시 영산로 648-24 라송센트럴카운티5차아파트,24시간 이용가능
라송센트럴카운티5차아파트,10,AC완속,전라남도 목포시 영산로 648-24 라송센트럴카운티5차아파트,24시간 이용가능
라송센트럴카운티5차아파트,11,AC완속,전라남도 목포시 영산로 648-24 라송센트럴카운티5차아파트,24시간 이용가능
라송센트럴카운티5차아파트,12,AC완속,전라남도 목포시 영산로 648-24 라송센트럴카운티5차아파트,24시간 이용가능
라송센트럴카운티5차아파트,13,AC완속,전라남도 목포시 영산로 648-24 라송센트럴카운티5차아파트,24시간 이용가능
라송센트럴카운티5차아파트,14,AC완속,전라남도 목포시 영산로 648-24 라송센트럴카운티5차아파트,24시간 이용가능
라송센트럴카운티5차아파트,15,AC완속,전라남도 목포시 영산로 648-24 라송센트럴카운티5차아파트,24시간 이용가능
라송센트럴카운티5차아파트,16,AC완속,전라남도 목포시 영산로 648-24 라송센트럴카운티5차아파트,24시간 이용가능
목포 부영1차아파트,1,AC완속,전라남도 목포시 삼향천로 35 부영1차아파트,24시간 이용가능
목포 부영1차아파트,2,AC완속,전라남도 목포시 삼향천로 35 부영1차아파트,24시간 이용가능
목포 부영1차아파트,3,AC완속,전라남도 목포시 삼향천로 35 부영1차아파트,24시간 이용가능
목포 부영1차아파트,4,AC완속,전라남도 목포시 삼향천로 35 부영1차아파트,24시간 이용가능
목포 부영1차아파트,5,AC완속,전라남도 목포시 삼향천로 35 부영1차아파트,24시간 이용가능
목포 부영1차아파트,6,AC완속,전라남도 목포시 삼향천로 35 부영1차아파트,24시간 이용가능
목포 부영1차아파트,7,AC완속,전라남도 목포시 삼향천로 35 부영1차아파트,24시간 이용가능
목포 부영5차아파트,1,AC완속,전라남도 목포시 하당남부로 97 부영5차아파트,24시간 이용가능
목포 부영5차아파트,2,AC완속,전라남도 목포시 하당남부로 97 부영5차아파트,24시간 이용가능
목포 부영5차아파트,3,AC완속,전라남도 목포시 하당남부로 97 부영5차아파트,24시간 이용가능
목포 부영5차아파트,4,AC완속,전라남도 목포시 하당남부로 97 부영5차아파트,24시간 이용가능
목포 부영5차아파트,5,AC완속,전라남도 목포시 하당남부로 97 부영5차아파트,24시간 이용가능
목포 부영5차아파트,6,AC완속,전라남도 목포시 하당남부로 97 부영5차아파트,24시간 이용가능
목포 부영아파트 2차,1,AC완속,전라남도 목포시 부흥로 88 부영아파트 2차,24시간 이용가능
목포 부영아파트 2차,2,AC완속,전라남도 목포시 부흥로 88 부영아파트 2차,24시간 이용가능
목포 부영아파트 2차,3,AC완속,전라남도 목포시 부흥로 88 부영아파트 2차,24시간 이용가능
목포 부영아파트 2차,4,AC완속,전라남도 목포시 부흥로 88 부영아파트 2차,24시간 이용가능
목포 부영아파트 2차,5,AC완속,전라남도 목포시 부흥로 88 부영아파트 2차,24시간 이용가능
목포 부영아파트 2차,6,AC완속,전라남도 목포시 부흥로 88 부영아파트 2차,24시간 이용가능
목포 부영아파트 2차,7,AC완속,전라남도 목포시 부흥로 88 부영아파트 2차,24시간 이용가능
목포 부영아파트 2차,8,AC완속,전라남도 목포시 부흥로 88 부영아파트 2차,24시간 이용가능
목포 부영아파트 2차,9,AC완속,전라남도 목포시 부흥로 88 부영아파트 2차,24시간 이용가능
목포 부영아파트 2차,10,AC완속,전라남도 목포시 부흥로 88 부영아파트 2차,24시간 이용가능
목포 부영아파트 3차,1,AC완속,전라남도 목포시 하당남부로 97 부영아파트 3차,24시간 이용가능
목포 부영아파트 3차,2,AC완속,전라남도 목포시 하당남부로 97 부영아파트 3차,24시간 이용가능
목포 부영아파트 3차,3,AC완속,전라남도 목포시 하당남부로 97 부영아파트 3차,24시간 이용가능
목포 부영아파트 3차,4,AC완속,전라남도 목포시 하당남부로 97 부영아파트 3차,24시간 이용가능
목포 부영아파트 3차,5,AC완속,전라남도 목포시 하당남부로 97 부영아파트 3차,24시간 이용가능
목포 부영아파트 3차,6,AC완속,전라남도 목포시 하당남부로 97 부영아파트 3차,24시간 이용가능
목포 부영아파트 3차,7,AC완속,전라남도 목포시 하당남부로 97 부영아파트 3차,24시간 이용가능
목포 부영아파트 3차,8,AC완속,전라남도 목포시 하당남부로 97 부영아파트 3차,24시간 이용가능
목포 부영아파트 3차,9,AC완속,전라남도 목포시 하당남부로 97 부영아파트 3차,24시간 이용가능
목포 부영아파트 3차,10,AC완속,전라남도 목포시 하당남부로 97 부영아파트 3차,24시간 이용가능
