fetched_at,statId,chgerId,stat,statUpdDt,lastTsdt,lastTedt,nowTsdt,busiId
2026-09-10T10:09:44.258152+00:00,ME184089,01,2,20260910190338,20260910125028,20260910130913,,ME
2026-09-10T10:09:44.258152+00:00,ME19B127,01,2,20260910190521,20260910160415,20260910164721,,ME
2026-09-10T10:09:44.258152+00:00,ME19B128,01,2,20260910190755,20260910082010,20260910085951,,ME
2026-09-10T10:09:44.258152+00:00,ME19B129,01,2,20260910190708,20260910160251,20260910161017,,ME
2026-09-10T10:09:44.258152+00:00,ME19B130,01,2,20260910190329,20260908203053,20260908211659,,ME
2026-09-10T10:09:44.258152+00:00,ME19B178,01,2,20260910190312,20260910121646,20260910125753,,ME
2026-09-10T10:09:44.258152+00:00,ME20B225,21,2,20260910190355,20260910054804,20260910062804,,ME
2026-09-10T10:09:44.258152+00:00,ME20B225,22,2,20260910190355,20260910171544,20260910175544,,ME
2026-09-10T10:09:44.258152+00:00,ME20B226,21,2,20260910190332,20260910172142,20260910173415,,ME
2026-09-10T10:09:44.258152+00:00,ME20B226,22,2,20260910190332,20260909171444,20260909175444,,ME
2026-09-10T10:09:44.258152+00:00,ME21B103,01,9,20260910190310,20260910145543,20260910152135,,ME
2026-09-10T10:09:44.258152+00:00,ME21B119,01,9,20260910190310,20260909233120,20260910001136,,ME
2026-09-10T10:09:44.258152+00:00,ME21B1E4,01,2,20260910190234,20260910181513,20260910185519,,ME
2026-09-10T10:09:44.258152+00:00,ME21B204,01,9,20260910190310,20260910162844,20260910170849,,ME
2026-09-10T10:09:44.258152+00:00,ME21B204,02,9,20260910190310,20260910134705,20260910143010,,ME
2026-09-10T10:09:44.258152+00:00,ME21E210,91,9,20260910190310,20260909155720,20260909163029,,ME
2026-09-10T10:09:44.258152+00:00,ME21E210,92,2,20260910190246,20260910180418,20260910184459,,ME
2026-09-10T10:09:44.258152+00:00,ME22C1D3,01,2,20260910190244,20260910180636,20260910183434,,ME
2026-09-10T10:09:44.258152+00:00,ME22D1A0,01,2,20260910190649,20260910150107,20260910152208,,ME
2026-09-10T10:09:44.258152+00:00,ME22D204,01,2,20260910190524,20260910172047,20260910175632,,ME
2026-09-10T10:09:44.258152+00:00,ME22D204,02,2,20260910190523,20260910175151,20260910183159,,ME
2026-09-10T10:09:44.258152+00:00,ME23B117,01,2,20260910190317,20260910163332,20260910165319,,ME
2026-09-10T10:09:44.258152+00:00,ME23B1B4,01,2,20260910190506,20260910124745,20260910131920,,ME
2026-09-10T10:09:44.258152+00:00,ME23B1B5,01,2,20260910190338,20260908171321,20260908173807,,ME
2026-09-10T10:09:44.258152+00:00,ME24A257,21,2,20260910190750,20260909221236,20260909222503,,ME
2026-09-10T10:09:44.258152+00:00,ME24A257,22,2,20260910190752,20260910180120,20260910181757,,ME
2026-09-10T10:09:44.258152+00:00,ME24A258,21,2,20260910190803,20260907103232,20260907110631,,ME
2026-09-10T10:09:44.258152+00:00,ME24A258,22,2,20260910190805,20260909094629,20260909101414,,ME
2026-09-10T10:09:44.258152+00:00,ME24A801,21,2,20260910190800,20260910160818,20260910163327,,ME
2026-09-10T10:09:44.258152+00:00,ME24A801,22,2,20260910190802,20260910172823,20260910180827,,ME
2026-09-10T10:09:44.258152+00:00,ME24A801,23,2,20260910190725,20260906162432,20260906170436,,ME
2026-09-10T10:09:44.258152+00:00,ME24A801,24,2,20260910190727,20260909193834,20260909195249,,ME
2026-09-10T10:09:44.258152+00:00,ME24A801,25,2,20260910190806,20260909134015,20260909140419,,ME
2026-09-10T10:09:44.258152+00:00,ME24A801,26,2,20260910190808,20260909163736,20260909165436,,ME
2026-09-10T10:09:44.258152+00:00,ME24A801,27,2,20260910190728,20260909064630,20260909070031,,ME
2026-09-10T10:09:44.258152+00:00,ME24A801,28,2,20260910190730,20260907211828,20260907215500,,ME
2026-09-10T10:09:44.258152+00:00,ME25B234,21,2,20260910190159,20260909173753,20260909175235,,ME
2026-09-10T10:09:44.258152+00:00,ME25B234,22,2,20260910190200,20260909152552,20260909155553,,ME
2026-09-10T10:09:44.258152+00:00,ME25B335,01,2,20260910190153,20260909102503,20260909110506,,ME
2026-09-10T10:09:44.258152+00:00,ME25B335,02,2,20260910190152,20260910125645,20260910132841,,ME
2026-09-10T10:09:44.258152+00:00,ME25B335,03,2,20260910190157,20260910131910,20260910133345,,ME
2026-09-10T10:09:44.258152+00:00,CV001755,03,3,20260910190031,20260910185808,20260910185818,20260910190031,CV
2026-09-10T10:09:44.258152+00:00,EV002640,04,2,20260910190124,20260908115257,20260908191814,,EV
2026-09-10T10:09:44.258152+00:00,EV008526,03,3,20260910190526,20260909193710,20260910051930,20260910190319,EV
2026-09-10T10:09:44.258152+00:00,EV014268,01,3,20260910190123,20260908205051,20260909033756,20260910190010,EV
2026-09-10T10:09:44.258152+00:00,HM000482,02,3,20260910190808,20260909205117,20260910021315,20260910190702,HM
2026-09-10T10:09:44.258152+00:00,JA460020,02,3,20260910190706,20260910190706,20260910180707,20260910190706,JA
2026-09-10T10:09:44.258152+00:00,KP002490,01,3,20260910190009,20260910161931,20260910173238,20260910185008,KP
2026-09-10T10:09:44.258152+00:00,LI000457,01,3,20260910190603,20260910190603,20260910190529,20260910190603,LI
2026-09-10T10:09:44.258152+00:00,LI000457,04,2,20260910190301,20260910190053,20260910190301,,LI
2026-09-10T10:09:44.258152+00:00,LU000149,05,3,20260910190402,20260910190408,20260910010859,20260909212530,LU
2026-09-10T10:09:44.258152+00:00,LU000817,06,3,20260910190654,20260910190701,20260909001346,20260908194313,LU
2026-09-10T10:09:44.258152+00:00,LU002478,12,3,20260910190110,20260910190151,20260910013248,20260909164528,LU
2026-09-10T10:09:44.258152+00:00,LU003250,10,3,20260910190539,20260910190548,20260910003936,20260909195803,LU
2026-09-10T10:09:44.258152+00:00,LU003382,01,3,20260910190435,20260910190449,20260910133641,20260910115450,LU
2026-09-10T10:09:44.258152+00:00,LU100181,06,3,20260910190104,20260910190107,20260909232511,20260909180656,LU
2026-09-10T10:09:44.258152+00:00,LU100251,02,3,20260910190458,20260910163018,20260910190456,20260910163018,LU
2026-09-10T10:09:44.258152+00:00,LU100789,05,3,20260910190727,20260910190748,20260910023215,20260909175919,LU
2026-09-10T10:09:44.258152+00:00,NT101658,11,3,20260910190650,20260910190650,20260910103050,20260910190650,NT
2026-09-10T10:09:44.258152+00:00,NT101659,15,2,20260910190850,20260910153950,20260910190850,,NT
2026-09-10T10:09:44.258152+00:00,PC001040,01,2,20260910190137,20260910183439,20260910190051,,PC
2026-09-10T10:09:44.258152+00:00,PI610265,01,3,20260910190638,20260910190536,20260909225215,20260910190638,PI
2026-09-10T10:09:44.258152+00:00,PI751491,02,2,20260910190548,20260910184507,20260910190256,,PI
2026-09-10T10:09:44.258152+00:00,PIS00698,03,3,20260910190600,20260910190235,20260910073510,20260910190600,PI
2026-09-10T10:09:44.258152+00:00,PL005400,03,3,20260910190344,20260910190344,20260910093226,20260910190344,PL
2026-09-10T10:09:44.258152+00:00,PL030998,00,3,20260910190338,20260910190338,20260910155237,20260910190338,PL
2026-09-10T10:09:44.258152+00:00,PL031299,01,3,20260910190012,20260910190012,20260910181031,20260910190012,PL
2026-09-10T10:09:44.258152+00:00,PL032802,00,3,20260910190739,20260910190739,20260910142231,20260910190739,PL
2026-09-10T10:09:44.258152+00:00,PW013262,05,3,20260910190836,20260910190836,20260824023105,20260910190707,PW
2026-09-10T10:09:44.258152+00:00,ST461113,05,3,20260910190530,20260910190530,20260910034525,20260910190247,ST
2026-09-10T10:09:44.258152+00:00,ST601397,04,3,20260910190014,20260910190014,20260910180411,20260910133844,ST
2026-09-10T10:09:44.258152+00:00,TS461103,01,2,20260910190512,20260910181602,20260910190259,,TS
2026-09-10T10:38:27.140287+00:00,ME184089,01,2,20260910193345,20260910125028,20260910130913,,ME
2026-09-10T10:38:27.140287+00:00,ME19B127,01,2,20260910193527,20260910160415,20260910164721,,ME
2026-09-10T10:38:27.140287+00:00,ME19B128,01,2,20260910193301,20260910082010,20260910085951,,ME
2026-09-10T10:38:27.140287+00:00,ME19B129,01,2,20260910193213,20260910160251,20260910161017,,ME
2026-09-10T10:38:27.140287+00:00,ME19B130,01,2,20260910193335,20260908203053,20260908211659,,ME
2026-09-10T10:38:27.140287+00:00,ME19B178,01,2,20260910193318,20260910121646,20260910125753,,ME
2026-09-10T10:38:27.140287+00:00,ME20B225,21,2,20260910193355,20260910054804,20260910062804,,ME
2026-09-10T10:38:27.140287+00:00,ME20B225,22,2,20260910193355,20260910171544,20260910175544,,ME
2026-09-10T10:38:27.140287+00:00,ME20B226,21,2,20260910193333,20260910172142,20260910173415,,ME
2026-09-10T10:38:27.140287+00:00,ME20B226,22,2,20260910193333,20260909171444,20260909175444,,ME
2026-09-10T10:38:27.140287+00:00,ME21B103,01,2,20260910193233,20260910145543,20260910152135,,ME
2026-09-10T10:38:27.140287+00:00,ME21B119,01,2,20260910193233,20260909233120,20260910001136,,ME
2026-09-10T10:38:27.140287+00:00,ME21B1E4,01,9,20260910193310,20260910181513,20260910185519,,ME
2026-09-10T10:38:27.140287+00:00,ME21B204,01,2,20260910193234,20260910162844,20260910170849,,ME
2026-09-10T10:38:27.140287+00:00,ME21B204,02,2,20260910193244,20260910134705,20260910143010,,ME
2026-09-10T10:38:27.140287+00:00,ME21E210,91,2,20260910193244,20260909155720,20260909163029,,ME
2026-09-10T10:38:27.140287+00:00,ME21E210,92,9,20260910193310,20260910180418,20260910184459,,ME
2026-09-10T10:38:27.140287+00:00,ME22C1D3,01,9,20260910193310,20260910180636,20260910183434,,ME
2026-09-10T10:38:27.140287+00:00,ME22D1A0,01,2,20260910193649,20260910150107,20260910152208,,ME
2026-09-10T10:38:27.140287+00:00,ME22D204,01,2,20260910193524,20260910172047,20260910175632,,ME
2026-09-10T10:38:27.140287+00:00,ME22D204,02,2,20260910193523,20260910175151,20260910183159,,ME
2026-09-10T10:38:27.140287+00:00,ME23B117,01,2,20260910193318,20260910163332,20260910165319,,ME
2026-09-10T10:38:27.140287+00:00,ME23B1B4,01,2,20260910193506,20260910124745,20260910131920,,ME
2026-09-10T10:38:27.140287+00:00,ME23B1B5,01,2,20260910193338,20260908171321,20260908173807,,ME
2026-09-10T10:38:27.140287+00:00,ME24A257,21,2,20260910193708,20260909221236,20260909222503,,ME
2026-09-10T10:38:27.140287+00:00,ME24A257,22,2,20260910193651,20260910180120,20260910181757,,ME
2026-09-10T10:38:27.140287+00:00,ME24A258,21,2,20260910193702,20260907103232,20260907110631,,ME
2026-09-10T10:38:27.140287+00:00,ME24A258,22,2,20260910193704,20260909094629,20260909101414,,ME
2026-09-10T10:38:27.140287+00:00,ME24A801,21,2,20260910193700,20260910160818,20260910163327,,ME
2026-09-10T10:38:27.140287+00:00,ME24A801,22,2,20260910193702,20260910172823,20260910180827,,ME
2026-09-10T10:38:27.140287+00:00,ME24A801,23,2,20260910193705,20260906162432,20260906170436,,ME
2026-09-10T10:38:27.140287+00:00,ME24A801,24,2,20260910193627,20260909193834,20260909195249,,ME
2026-09-10T10:38:27.140287+00:00,ME24A801,25,2,20260910193708,20260909134015,20260909140419,,ME
2026-09-10T10:38:27.140287+00:00,ME24A801,26,2,20260910193611,20260909163736,20260909165436,,ME
2026-09-10T10:38:27.140287+00:00,ME24A801,27,2,20260910193624,20260909064630,20260909070031,,ME
2026-09-10T10:38:27.140287+00:00,ME24A801,28,2,20260910193626,20260907211828,20260907215500,,ME
2026-09-10T10:38:27.140287+00:00,ME25B234,21,2,20260910193200,20260909173753,20260909175235,,ME
2026-09-10T10:38:27.140287+00:00,ME25B234,22,2,20260910193200,20260909152552,20260909155553,,ME
2026-09-10T10:38:27.140287+00:00,ME25B335,01,2,20260910193153,20260909102503,20260909110506,,ME
2026-09-10T10:38:27.140287+00:00,ME25B335,02,2,20260910193152,20260910125645,20260910132841,,ME
2026-09-10T10:38:27.140287+00:00,ME25B335,03,2,20260910193157,20260910131910,20260910133345,,ME
2026-09-10T10:38:27.140287+00:00,EV016727,01,2,20260910193346,20260910183509,20260910193246,,EV
2026-09-10T10:38:27.140287+00:00,EV020788,03,3,20260910193143,20260908151953,20260908165617,20260910164516,EV
2026-09-10T10:38:27.140287+00:00,JA460012,03,2,20260910193500,20260910185600,20260910193500,,JA
2026-09-10T10:38:27.140287+00:00,LU000928,04,3,20260910193506,20260910193506,20260910162158,20260910193506,LU
2026-09-10T10:38:27.140287+00:00,LU003250,13,3,20260910193723,20260910193722,20260910061031,20260910193722,LU
2026-09-10T10:38:27.140287+00:00,LU003382,08,3,20260910193430,20260910193501,20260910003639,20260909190441,LU
2026-09-10T10:38:27.140287+00:00,LU003496,03,3,20260910193116,20260910193139,20260910040345,20260909223931,LU
2026-09-10T10:38:27.140287+00:00,LU004099,14,3,20260910193049,20260910193054,20260909051745,20260908230220,LU
2026-09-10T10:38:27.140287+00:00,LU004236,01,3,20260910193018,20260910185913,20260910193016,20260910185913,LU
2026-09-10T10:38:27.140287+00:00,LU100251,07,3,20260910193109,20260910175028,20260910193106,20260910175028,LU
2026-09-10T10:38:27.140287+00:00,NT101867,10,3,20260910193050,20260910193050,20260910074850,20260910193050,NT
2026-09-10T10:38:27.140287+00:00,PC001613,02,2,20260910193416,20260908105729,20260908112659,,PC
2026-09-10T10:38:27.140287+00:00,PI610531,02,2,20260910193218,20260910185623,20260910192755,,PI
2026-09-10T10:38:27.140287+00:00,PL031300,05,3,20260910193453,20260910193453,20260910163040,20260910193453,PL
2026-09-10T10:38:27.140287+00:00,ST461113,04,3,20260910192935,20260907181542,20260909021106,20260910192935,ST
2026-09-10T10:38:27.140287+00:00,ST461115,03,3,20260910193534,20260910193534,20260910164356,20260910193222,ST
2026-09-10T11:11:31.131806+00:00,ME184089,01,2,20260910200851,20260910125028,20260910130913,,ME
2026-09-10T11:11:31.131806+00:00,ME19B127,01,2,20260910200532,20260910160415,20260910164721,,ME
2026-09-10T11:11:31.131806+00:00,ME19B128,01,2,20260910200807,20260910082010,20260910085951,,ME
2026-09-10T11:11:31.131806+00:00,ME19B129,01,2,20260910200729,20260910160251,20260910161017,,ME
2026-09-10T11:11:31.131806+00:00,ME19B130,01,2,20260910200843,20260908203053,20260908211659,,ME
2026-09-10T11:11:31.131806+00:00,ME19B178,01,2,20260910200825,20260910121646,20260910125753,,ME
2026-09-10T11:11:31.131806+00:00,ME20B225,21,2,20260910200855,20260910054804,20260910062804,,ME
2026-09-10T11:11:31.131806+00:00,ME20B225,22,2,20260910200855,20260910171544,20260910175544,,ME
2026-09-10T11:11:31.131806+00:00,ME20B226,21,2,20260910200832,20260910172142,20260910173415,,ME
2026-09-10T11:11:31.131806+00:00,ME20B226,22,2,20260910200832,20260909171444,20260909175444,,ME
2026-09-10T11:11:31.131806+00:00,ME21B103,01,9,20260910200310,20260910145543,20260910152135,,ME
2026-09-10T11:11:31.131806+00:00,ME21B119,01,9,20260910200310,20260909233120,20260910001136,,ME
2026-09-10T11:11:31.131806+00:00,ME21B1E4,01,2,20260910200235,20260910181513,20260910185519,,ME
2026-09-10T11:11:31.131806+00:00,ME21B204,01,9,20260910200310,20260910162844,20260910170849,,ME
2026-09-10T11:11:31.131806+00:00,ME21B204,02,9,20260910200310,20260910134705,20260910143010,,ME
2026-09-10T11:11:31.131806+00:00,ME21E210,91,9,20260910200310,20260909155720,20260909163029,,ME
2026-09-10T11:11:31.131806+00:00,ME21E210,92,2,20260910200247,20260910180418,20260910184459,,ME
2026-09-10T11:11:31.131806+00:00,ME22C1D3,01,2,20260910200245,20260910180636,20260910183434,,ME
2026-09-10T11:11:31.131806+00:00,ME22D1A0,01,2,20260910200650,20260910150107,20260910152208,,ME
2026-09-10T11:11:31.131806+00:00,ME22D204,01,2,20260910200524,20260910172047,20260910175632,,ME
2026-09-10T11:11:31.131806+00:00,ME22D204,02,2,20260910200524,20260910175151,20260910183159,,ME
2026-09-10T11:11:31.131806+00:00,ME23B117,01,2,20260910200817,20260910163332,20260910165319,,ME
2026-09-10T11:11:31.131806+00:00,ME23B1B4,01,2,20260910201006,20260910124745,20260910131920,,ME
2026-09-10T11:11:31.131806+00:00,ME23B1B5,01,2,20260910200839,20260908171321,20260908173807,,ME
2026-09-10T11:11:31.131806+00:00,ME24A257,21,2,20260910200949,20260909221236,20260909222503,,ME
2026-09-10T11:11:31.131806+00:00,ME24A257,22,2,20260910200951,20260910180120,20260910181757,,ME
2026-09-10T11:11:31.131806+00:00,ME24A258,21,2,20260910201001,20260907103232,20260907110631,,ME
2026-09-10T11:11:31.131806+00:00,ME24A258,22,2,20260910201003,20260909094629,20260909101414,,ME
2026-09-10T11:11:31.131806+00:00,ME24A801,21,2,20260910201001,20260910160818,20260910163327,,ME
2026-09-10T11:11:31.131806+00:00,ME24A801,22,2,20260910201004,20260910172823,20260910180827,,ME
2026-09-10T11:11:31.131806+00:00,ME24A801,23,2,20260910200925,20260906162432,20260906170436,,ME
2026-09-10T11:11:31.131806+00:00,ME24A801,24,2,20260910200927,20260909193834,20260909195249,,ME
2026-09-10T11:11:31.131806+00:00,ME24A801,25,2,20260910201008,20260909134015,20260909140419,,ME
2026-09-10T11:11:31.131806+00:00,ME24A801,26,2,20260910200910,20260909163736,20260909165436,,ME
2026-09-10T11:11:31.131806+00:00,ME24A801,27,2,20260910200928,20260909064630,20260909070031,,ME
2026-09-10T11:11:31.131806+00:00,ME24A801,28,2,20260910200930,20260907211828,20260907215500,,ME
2026-09-10T11:11:31.131806+00:00,ME25B234,21,2,20260910200200,20260909173753,20260909175235,,ME
2026-09-10T11:11:31.131806+00:00,ME25B234,22,2,20260910200201,20260909152552,20260909155553,,ME
2026-09-10T11:11:31.131806+00:00,ME25B335,01,2,20260910200154,20260909102503,20260909110506,,ME
2026-09-10T11:11:31.131806+00:00,ME25B335,02,2,20260910200153,20260910125645,20260910132841,,ME
2026-09-10T11:11:31.131806+00:00,ME25B335,03,2,20260910200158,20260910131910,20260910133345,,ME
2026-09-10T11:11:31.131806+00:00,EV005595,05,3,20260910200814,20260908173444,20260909004333,20260910200603,EV
2026-09-10T11:11:31.131806+00:00,EV013697,01,3,20260910200209,20260910124214,20260910140021,20260910155454,EV
2026-09-10T11:11:31.131806+00:00,EV018832,04,3,20260910201015,20260905165839,20260905205124,20260910201015,EV
2026-09-10T11:11:31.131806+00:00,HU610005,04,3,20260910201008,20260910035511,20260910082425,20260910200907,HU
2026-09-10T11:11:31.131806+00:00,JA460054,02,3,20260910200720,20260910200720,20260910083017,20260910200720,JA
2026-09-10T11:11:31.131806+00:00,KP002145,02,2,20260910201018,20260910190748,20260910200333,,KP
2026-09-10T11:11:31.131806+00:00,LI000457,05,2,20260910201048,20260910200718,20260910201048,,LI
2026-09-10T11:11:31.131806+00:00,LI000457,07,3,20260910201036,20260910201036,20260910201007,20260910201036,LI
2026-09-10T11:11:31.131806+00:00,LU003197,02,3,20260910200338,20260910200419,20260910193830,20260910165737,LU
2026-09-10T11:11:31.131806+00:00,LU100251,04,3,20260910200340,20260910200351,20260909034817,20260908213656,LU
2026-09-10T11:11:31.131806+00:00,LU100251,13,3,20260910200411,20260910180724,20260910200409,20260910180724,LU
2026-09-10T11:11:31.131806+00:00,LU100283,09,3,20260910200448,20260910200451,20260909033848,20260908204103,LU
2026-09-10T11:11:31.131806+00:00,NT101521,12,3,20260910201050,20260910201050,20260910085750,20260910201050,NT
2026-09-10T11:11:31.131806+00:00,NT101658,14,3,20260910200150,20260910200150,20260908194250,20260910200150,NT
2026-09-10T11:11:31.131806+00:00,NT101867,01,3,20260910200450,20260910200450,20260910153550,20260910200450,NT
2026-09-10T11:11:31.131806+00:00,PC001046,03,2,20260910201011,20260910185133,20260910200910,,PC
2026-09-10T11:11:31.131806+00:00,PIH00046,04,3,20260910200745,20260910200722,20260908215712,20260910200745,PI
2026-09-10T11:11:31.131806+00:00,PL031309,05,2,20260910200423,20260910152530,20260910200423,,PL
2026-09-10T11:11:31.131806+00:00,ST461117,02,2,20260910200535,20260910183028,20260910200215,,ST
2026-09-10T11:11:31.131806+00:00,ST601397,02,2,20260910200618,20260910195200,20260910200347,,ST
2026-09-10T11:11:31.131806+00:00,TS461103,01,2,20260910201012,20260910191040,20260910200851,,TS
2026-09-10T18:20:36.293521+00:00,ME184089,01,2,20260911031520,20260910125028,20260910130913,,ME
2026-09-10T18:20:36.293521+00:00,ME19B127,01,2,20260911031700,20260910203125,20260910211131,,ME
2026-09-10T18:20:36.293521+00:00,ME19B128,01,2,20260911031433,20260910082010,20260910085951,,ME
2026-09-10T18:20:36.293521+00:00,ME19B129,01,2,20260911031907,20260910160251,20260910161017,,ME
2026-09-10T18:20:36.293521+00:00,ME19B130,01,2,20260911031512,20260910202828,20260910210658,,ME
2026-09-10T18:20:36.293521+00:00,ME19B178,01,2,20260911031451,20260910121646,20260910125753,,ME
2026-09-10T18:20:36.293521+00:00,ME20B225,21,2,20260911031856,20260910054804,20260910062804,,ME
2026-09-10T18:20:36.293521+00:00,ME20B225,22,2,20260911031856,20260910171544,20260910175544,,ME
2026-09-10T18:20:36.293521+00:00,ME20B226,21,2,20260911031832,20260910172142,20260910173415,,ME
2026-09-10T18:20:36.293521+00:00,ME20B226,22,2,20260911031832,20260909171444,20260909175444,,ME
2026-09-10T18:20:36.293521+00:00,ME22D1A0,01,2,20260911031652,20260910150107,20260910152208,,ME
2026-09-10T18:20:36.293521+00:00,ME22D204,01,2,20260911031526,20260910203650,20260910211650,,ME
2026-09-10T18:20:36.293521+00:00,ME22D204,02,2,20260911031526,20260910175151,20260910183159,,ME
2026-09-10T18:20:36.293521+00:00,ME23B117,01,2,20260911031820,20260910163332,20260910165319,,ME
2026-09-10T18:20:36.293521+00:00,ME23B1B4,01,2,20260911031506,20260910210846,20260910213620,,ME
2026-09-10T18:20:36.293521+00:00,ME23B1B5,01,2,20260911031840,20260908171321,20260908173807,,ME
2026-09-10T18:20:36.293521+00:00,ME24A257,21,2,20260911031847,20260909221236,20260909222503,,ME
2026-09-10T18:20:36.293521+00:00,ME24A257,22,2,20260911031849,20260910205836,20260910213840,,ME
2026-09-10T18:20:36.293521+00:00,ME24A258,21,2,20260911031901,20260907103232,20260907110631,,ME
2026-09-10T18:20:36.293521+00:00,ME24A258,22,2,20260911031903,20260909094629,20260909101414,,ME
2026-09-10T18:20:36.293521+00:00,ME24A801,21,2,20260911031902,20260910160818,20260910163327,,ME
2026-09-10T18:20:36.293521+00:00,ME24A801,22,2,20260911031904,20260910172823,20260910180827,,ME
2026-09-10T18:20:36.293521+00:00,ME24A801,23,2,20260911031828,20260906162432,20260906170436,,ME
2026-09-10T18:20:36.293521+00:00,ME24A801,24,2,20260911031837,20260909193834,20260909195249,,ME
2026-09-10T18:20:36.293521+00:00,ME24A801,25,2,20260911031909,20260909134015,20260909140419,,ME
2026-09-10T18:20:36.293521+00:00,ME24A801,26,2,20260911031811,20260909163736,20260909165436,,ME
2026-09-10T18:20:36.293521+00:00,ME24A801,27,2,20260911031828,20260909064630,20260909070031,,ME
2026-09-10T18:20:36.293521+00:00,ME24A801,28,2,20260911031830,20260907211828,20260907215500,,ME
2026-09-10T18:20:36.293521+00:00,KE001764,18,2,20260911031609,20260910185105,20260911031519,,KE
2026-09-10T18:20:36.293521+00:00,LU000951,02,3,20260911031236,20260910203012,20260911031235,20260910203012,LU
2026-09-10T18:20:36.293521+00:00,LU001930,01,3,20260911031735,20260910144021,20260911031733,20260910144021,LU
2026-09-10T18:20:36.293521+00:00,LU002478,12,3,20260911031407,20260910190151,20260911031404,20260910190151,LU
2026-09-10T18:20:36.293521+00:00,LU002758,02,3,20260911031914,20260910232104,20260911031912,20260910232104,LU
2026-09-10T18:20:36.293521+00:00,LU003250,01,3,20260911031117,20260910194608,20260911031115,20260910194608,LU
2026-09-10T18:20:36.293521+00:00,PI202141,20,2,20260911031650,20260910182512,20260911020819,,PI
2026-09-10T18:20:36.293521+00:00,PI764712,04,2,20260911031053,20260910215748,20260911022316,,PI
2026-09-10T18:20:36.293521+00:00,PL031438,05,3,20260911031244,20260911031244,20260911031244,20260911031244,PL
2026-09-10T20:24:29.677657+00:00,ME184089,01,2,20260911052043,20260910125028,20260910130913,,ME
2026-09-10T20:24:29.677657+00:00,ME19B127,01,2,20260911052227,20260910203125,20260910211131,,ME
2026-09-10T20:24:29.677657+00:00,ME19B128,01,2,20260911051958,20260910082010,20260910085951,,ME
2026-09-10T20:24:29.677657+00:00,ME19B129,01,2,20260911051430,20260910160251,20260910161017,,ME
2026-09-10T20:24:29.677657+00:00,ME19B130,01,2,20260911052037,20260910202828,20260910210658,,ME
2026-09-10T20:24:29.677657+00:00,ME19B178,01,2,20260911052018,20260910121646,20260910125753,,ME
2026-09-10T20:24:29.677657+00:00,ME20B225,21,2,20260911051856,20260910054804,20260910062804,,ME
2026-09-10T20:24:29.677657+00:00,ME20B225,22,2,20260911051856,20260910171544,20260910175544,,ME
2026-09-10T20:24:29.677657+00:00,ME20B226,21,2,20260911051832,20260910172142,20260910173415,,ME
2026-09-10T20:24:29.677657+00:00,ME20B226,22,2,20260911051832,20260909171444,20260909175444,,ME
2026-09-10T20:24:29.677657+00:00,ME22D1A0,01,2,20260911052153,20260910150107,20260910152208,,ME
2026-09-10T20:24:29.677657+00:00,ME22D204,01,2,20260911052026,20260911043113,20260911044855,,ME
2026-09-10T20:24:29.677657+00:00,ME22D204,02,2,20260911052027,20260910175151,20260910183159,,ME
2026-09-10T20:24:29.677657+00:00,ME23B117,01,2,20260911051820,20260910163332,20260910165319,,ME
2026-09-10T20:24:29.677657+00:00,ME23B1B4,01,2,20260911052008,20260910210846,20260910213620,,ME
2026-09-10T20:24:29.677657+00:00,ME23B1B5,01,2,20260911051841,20260908171321,20260908173807,,ME
2026-09-10T20:24:29.677657+00:00,ME24A257,21,2,20260911052251,20260909221236,20260909222503,,ME
2026-09-10T20:24:29.677657+00:00,ME24A257,22,2,20260911052254,20260910205836,20260910213840,,ME
2026-09-10T20:24:29.677657+00:00,ME24A258,21,2,20260911052301,20260907103232,20260907110631,,ME
2026-09-10T20:24:29.677657+00:00,ME24A258,22,2,20260911052303,20260909094629,20260909101414,,ME
2026-09-10T20:24:29.677657+00:00,ME24A801,21,2,20260911052303,20260910160818,20260910163327,,ME
2026-09-10T20:24:29.677657+00:00,ME24A801,22,2,20260911052305,20260911044116,20260911051625,,ME
2026-09-10T20:24:29.677657+00:00,ME24A801,23,2,20260911052226,20260906162432,20260906170436,,ME
2026-09-10T20:24:29.677657+00:00,ME24A801,24,2,20260911052228,20260909193834,20260909195249,,ME
2026-09-10T20:24:29.677657+00:00,ME24A801,25,2,20260911052310,20260909134015,20260909140419,,ME
2026-09-10T20:24:29.677657+00:00,ME24A801,26,2,20260911052234,20260909163736,20260909165436,,ME
2026-09-10T20:24:29.677657+00:00,ME24A801,27,2,20260911052229,20260909064630,20260909070031,,ME
2026-09-10T20:24:29.677657+00:00,ME24A801,28,2,20260911052239,20260907211828,20260907215500,,ME
2026-09-10T20:24:29.677657+00:00,CGJ00004,02,2,20260911051514,20260910152534,20260910192448,,CG
2026-09-10T20:24:29.677657+00:00,EV005595,04,2,20260911052337,20260910180159,20260911011003,,EV
2026-09-10T20:24:29.677657+00:00,EV005684,02,2,20260911051814,20260910192221,20260911000152,,EV
2026-09-10T20:24:29.677657+00:00,EV014241,08,2,20260911052216,20260910195335,20260910215010,,EV
2026-09-10T20:24:29.677657+00:00,HE240359,06,9,20260911052310,20260910155300,20260911044200,,HE
2026-09-10T20:24:29.677657+00:00,LI000457,02,2,20260911052208,20260911052158,20260911052208,,LI
2026-09-10T20:24:29.677657+00:00,LI000457,05,1,20260911052237,20260911002442,20260911002451,,LI
2026-09-10T20:24:29.677657+00:00,LU000149,05,3,20260911051526,20260910190408,20260911051524,20260910190408,LU
2026-09-10T20:24:29.677657+00:00,LU001009,05,2,20260911051822,20260910121155,20260910172503,,LU
2026-09-10T20:24:29.677657+00:00,NT101867,07,9,20260911051650,20260910221950,20260911051650,,NT
2026-09-10T20:24:29.677657+00:00,NT101867,08,2,20260911051650,20260911015950,20260911051650,,NT
2026-09-10T20:24:29.677657+00:00,ST461115,05,2,20260911052332,20260910213925,20260911052002,,ST
2026-09-10T20:30:46.316979+00:00,ME184089,01,2,20260911052545,20260910125028,20260910130913,,ME
2026-09-10T20:30:46.316979+00:00,ME19B127,01,2,20260911052729,20260910203125,20260910211131,,ME
2026-09-10T20:30:46.316979+00:00,ME19B128,01,2,20260911052500,20260910082010,20260910085951,,ME
2026-09-10T20:30:46.316979+00:00,ME19B129,01,2,20260911052439,20260910160251,20260910161017,,ME
2026-09-10T20:30:46.316979+00:00,ME19B130,01,2,20260911052538,20260910202828,20260910210658,,ME
2026-09-10T20:30:46.316979+00:00,ME19B178,01,2,20260911052518,20260910121646,20260910125753,,ME
2026-09-10T20:30:46.316979+00:00,ME20B225,21,2,20260911052856,20260910054804,20260910062804,,ME
2026-09-10T20:30:46.316979+00:00,ME20B225,22,2,20260911052856,20260910171544,20260910175544,,ME
2026-09-10T20:30:46.316979+00:00,ME20B226,21,2,20260911052832,20260910172142,20260910173415,,ME
2026-09-10T20:30:46.316979+00:00,ME20B226,22,2,20260911052832,20260909171444,20260909175444,,ME
2026-09-10T20:30:46.316979+00:00,ME22D1A0,01,2,20260911052653,20260910150107,20260910152208,,ME
2026-09-10T20:30:46.316979+00:00,ME22D204,01,2,20260911052526,20260911043113,20260911044855,,ME
2026-09-10T20:30:46.316979+00:00,ME22D204,02,2,20260911052527,20260910175151,20260910183159,,ME
2026-09-10T20:30:46.316979+00:00,ME23B117,01,2,20260911052820,20260910163332,20260910165319,,ME
2026-09-10T20:30:46.316979+00:00,ME23B1B5,01,2,20260911052841,20260908171321,20260908173807,,ME
2026-09-10T20:30:46.316979+00:00,ME24A257,21,2,20260911052857,20260909221236,20260909222503,,ME
2026-09-10T20:30:46.316979+00:00,ME24A257,22,2,20260911052848,20260910205836,20260910213840,,ME
2026-09-10T20:30:46.316979+00:00,ME24A258,21,2,20260911052903,20260907103232,20260907110631,,ME
2026-09-10T20:30:46.316979+00:00,ME24A258,22,2,20260911052905,20260909094629,20260909101414,,ME
2026-09-10T20:30:46.316979+00:00,ME24A801,21,2,20260911052859,20260910160818,20260910163327,,ME
2026-09-10T20:30:46.316979+00:00,ME24A801,22,2,20260911052901,20260911044116,20260911051625,,ME
2026-09-10T20:30:46.316979+00:00,ME24A801,23,2,20260911052845,20260906162432,20260906170436,,ME
2026-09-10T20:30:46.316979+00:00,ME24A801,24,2,20260911052852,20260909193834,20260909195249,,ME
2026-09-10T20:30:46.316979+00:00,ME24A801,25,2,20260911052811,20260909134015,20260909140419,,ME
2026-09-10T20:30:46.316979+00:00,ME24A801,26,2,20260911052813,20260909163736,20260909165436,,ME
2026-09-10T20:30:46.316979+00:00,ME24A801,27,2,20260911052827,20260909064630,20260909070031,,ME
2026-09-10T20:30:46.316979+00:00,ME24A801,28,2,20260911052829,20260907211828,20260907215500,,ME
2026-09-10T20:30:46.316979+00:00,EV011369,04,2,20260911052618,20260910202535,20260911024538,,EV
2026-09-10T20:30:46.316979+00:00,EV014268,01,2,20260911052819,20260910190010,20260911051618,,EV
2026-09-10T20:30:46.316979+00:00,HE240359,06,2,20260911052500,20260910155255,20260910220750,,HE
2026-09-10T20:30:46.316979+00:00,HY001770,03,2,20260911052504,20260911001841,20260911052404,,HY
2026-09-10T20:30:46.316979+00:00,LI000457,01,2,20260911052805,20260911052732,20260911052805,,LI
2026-09-10T20:30:46.316979+00:00,LI000457,05,2,20260911052957,20260911002442,20260911002451,,LI
2026-09-10T20:30:46.316979+00:00,LU000463,01,2,20260911052455,20260910182921,20260911041421,,LU
2026-09-10T20:30:46.316979+00:00,LU000951,07,2,20260911052616,20260910215228,20260911001836,,LU
2026-09-10T20:30:46.316979+00:00,NT101521,14,2,20260911052650,20260910163550,20260911052650,,NT
2026-09-10T20:30:46.316979+00:00,ST600359,02,2,20260911052952,20260911044204,20260911052642,,ST
2026-09-10T20:40:33.246830+00:00,ME184089,01,2,20260911053546,20260910125028,20260910130913,,ME
2026-09-10T20:40:33.246830+00:00,ME19B127,01,2,20260911053730,20260910203125,20260910211131,,ME
2026-09-10T20:40:33.246830+00:00,ME19B128,01,2,20260911053501,20260910082010,20260910085951,,ME
2026-09-10T20:40:33.246830+00:00,ME19B129,01,2,20260911053435,20260910160251,20260910161017,,ME
2026-09-10T20:40:33.246830+00:00,ME19B130,01,2,20260911053540,20260910202828,20260910210658,,ME
2026-09-10T20:40:33.246830+00:00,ME19B178,01,2,20260911053522,20260910121646,20260910125753,,ME
2026-09-10T20:40:33.246830+00:00,ME20B225,21,2,20260911053856,20260910054804,20260910062804,,ME
2026-09-10T20:40:33.246830+00:00,ME20B225,22,2,20260911053856,20260910171544,20260910175544,,ME
2026-09-10T20:40:33.246830+00:00,ME20B226,21,2,20260911053832,20260910172142,20260910173415,,ME
2026-09-10T20:40:33.246830+00:00,ME20B226,22,2,20260911053832,20260909171444,20260909175444,,ME
2026-09-10T20:40:33.246830+00:00,ME21B103,01,2,20260911053229,20260910145543,20260910152135,,ME
2026-09-10T20:40:33.246830+00:00,ME21B119,01,2,20260911053218,20260909233120,20260910001136,,ME
2026-09-10T20:40:33.246830+00:00,ME21B1E4,01,9,20260911053310,20260910181513,20260910185519,,ME
2026-09-10T20:40:33.246830+00:00,ME21B204,01,2,20260911053216,20260910162844,20260910170849,,ME
2026-09-10T20:40:33.246830+00:00,ME21B204,02,9,20260911053310,20260910221805,20260910230110,,ME
2026-09-10T20:40:33.246830+00:00,ME21E210,91,2,20260911053221,20260909155720,20260909163029,,ME
2026-09-10T20:40:33.246830+00:00,ME21E210,92,9,20260911053310,20260910180418,20260910184459,,ME
2026-09-10T20:40:33.246830+00:00,ME22C1D3,01,2,20260911053237,20260910180636,20260910183434,,ME
2026-09-10T20:40:33.246830+00:00,ME22D1A0,01,2,20260911053653,20260910150107,20260910152208,,ME
2026-09-10T20:40:33.246830+00:00,ME22D204,01,2,20260911053527,20260911043113,20260911044855,,ME
2026-09-10T20:40:33.246830+00:00,ME22D204,02,2,20260911053527,20260910175151,20260910183159,,ME
2026-09-10T20:40:33.246830+00:00,ME23B117,01,2,20260911053820,20260910163332,20260910165319,,ME
2026-09-10T20:40:33.246830+00:00,ME23B1B4,01,2,20260911053507,20260910210846,20260910213620,,ME
2026-09-10T20:40:33.246830+00:00,ME23B1B5,01,2,20260911053841,20260908171321,20260908173807,,ME
2026-09-10T20:40:33.246830+00:00,ME24A257,21,2,20260911053848,20260909221236,20260909222503,,ME
2026-09-10T20:40:33.246830+00:00,ME24A257,22,2,20260911053853,20260910205836,20260910213840,,ME
2026-09-10T20:40:33.246830+00:00,ME24A258,21,2,20260911053901,20260907103232,20260907110631,,ME
2026-09-10T20:40:33.246830+00:00,ME24A258,22,2,20260911053903,20260909094629,20260909101414,,ME
2026-09-10T20:40:33.246830+00:00,ME24A801,21,2,20260911053900,20260910160818,20260910163327,,ME
2026-09-10T20:40:33.246830+00:00,ME24A801,22,2,20260911053902,20260911044116,20260911051625,,ME
2026-09-10T20:40:33.246830+00:00,ME24A801,23,2,20260911053846,20260906162432,20260906170436,,ME
2026-09-10T20:40:33.246830+00:00,ME24A801,24,2,20260911053853,20260909193834,20260909195249,,ME
2026-09-10T20:40:33.246830+00:00,ME24A801,25,2,20260911053907,20260909134015,20260909140419,,ME
2026-09-10T20:40:33.246830+00:00,ME24A801,26,2,20260911053909,20260909163736,20260909165436,,ME
2026-09-10T20:40:33.246830+00:00,ME24A801,27,2,20260911053827,20260909064630,20260909070031,,ME
2026-09-10T20:40:33.246830+00:00,ME24A801,28,2,20260911053830,20260907211828,20260907215500,,ME
2026-09-10T20:40:33.246830+00:00,ME25B234,21,2,20260911053139,20260909173753,20260909175235,,ME
2026-09-10T20:40:33.246830+00:00,ME25B234,22,2,20260911053139,20260909152552,20260909155553,,ME
2026-09-10T20:40:33.246830+00:00,ME25B335,01,2,20260911053142,20260909102503,20260909110506,,ME
2026-09-10T20:40:33.246830+00:00,ME25B335,02,2,20260911053134,20260910125645,20260910132841,,ME
2026-09-10T20:40:33.246830+00:00,ME25B335,03,2,20260911053140,20260910131910,20260910133345,,ME
2026-09-10T20:40:33.246830+00:00,EV008272,01,2,20260911053422,20260910203249,20260911043101,,EV
2026-09-10T20:40:33.246830+00:00,EV014989,03,2,20260911053222,20260910201837,20260911032924,,EV
2026-09-10T20:40:33.246830+00:00,EV016727,02,2,20260911053222,20260910212422,20260910224623,,EV
2026-09-10T20:40:33.246830+00:00,EV020628,03,2,20260911053422,20260910180156,20260910225534,,EV
2026-09-10T20:40:33.246830+00:00,LI000457,01,2,20260911053805,20260911053732,20260911053805,,LI
2026-09-10T20:40:33.246830+00:00,LI000457,05,2,20260911053457,20260911002442,20260911002451,,LI
2026-09-10T20:40:33.246830+00:00,LU003803,10,2,20260911053921,20260910204152,20260911034802,,LU
2026-09-10T20:40:33.246830+00:00,LU100283,10,3,20260911053325,20260910222606,20260911053322,20260910222606,LU
2026-09-10T20:40:33.246830+00:00,NT101867,07,3,20260911053150,20260911053150,20260911051650,20260911053150,NT
2026-09-10T20:40:33.246830+00:00,PIH01554,02,2,20260911053723,20260910174516,20260910214702,,PI
2026-09-10T20:40:33.246830+00:00,PL032802,01,2,20260911053753,20260910192721,20260911053753,,PL
2026-09-10T20:40:33.246830+00:00,PW801043,02,2,20260911053523,20260910171630,20260911020253,,PW
2026-09-10T20:45:34.213271+00:00,ME184089,01,2,20260911054048,20260910125028,20260910130913,,ME
2026-09-10T20:45:34.213271+00:00,ME19B127,01,2,20260911054230,20260910203125,20260910211131,,ME
2026-09-10T20:45:34.213271+00:00,ME19B128,01,2,20260911054002,20260910082010,20260910085951,,ME
2026-09-10T20:45:34.213271+00:00,ME19B129,01,2,20260911053936,20260910160251,20260910161017,,ME
2026-09-10T20:45:34.213271+00:00,ME19B130,01,2,20260911054040,20260910202828,20260910210658,,ME
2026-09-10T20:45:34.213271+00:00,ME19B178,01,2,20260911054022,20260910121646,20260910125753,,ME
2026-09-10T20:45:34.213271+00:00,ME20B225,21,2,20260911054356,20260910054804,20260910062804,,ME
2026-09-10T20:45:34.213271+00:00,ME20B225,22,2,20260911054356,20260910171544,20260910175544,,ME
2026-09-10T20:45:34.213271+00:00,ME20B226,21,2,20260911054332,20260910172142,20260910173415,,ME
2026-09-10T20:45:34.213271+00:00,ME20B226,22,2,20260911054332,20260909171444,20260909175444,,ME
2026-09-10T20:45:34.213271+00:00,ME22D1A0,01,2,20260911054153,20260910150107,20260910152208,,ME
2026-09-10T20:45:34.213271+00:00,ME22D204,01,2,20260911054027,20260911043113,20260911044855,,ME
2026-09-10T20:45:34.213271+00:00,ME22D204,02,2,20260911054027,20260910175151,20260910183159,,ME
2026-09-10T20:45:34.213271+00:00,ME23B117,01,2,20260911054320,20260910163332,20260910165319,,ME
2026-09-10T20:45:34.213271+00:00,ME23B1B5,01,2,20260911054341,20260908171321,20260908173807,,ME
2026-09-10T20:45:34.213271+00:00,ME24A257,21,2,20260911054352,20260909221236,20260909222503,,ME
2026-09-10T20:45:34.213271+00:00,ME24A257,22,2,20260911054356,20260910205836,20260910213840,,ME
2026-09-10T20:45:34.213271+00:00,ME24A258,21,2,20260911054404,20260907103232,20260907110631,,ME
2026-09-10T20:45:34.213271+00:00,ME24A258,22,2,20260911054406,20260909094629,20260909101414,,ME
2026-09-10T20:45:34.213271+00:00,ME24A801,21,2,20260911054359,20260910160818,20260910163327,,ME
2026-09-10T20:45:34.213271+00:00,ME24A801,22,2,20260911054401,20260911044116,20260911051625,,ME
2026-09-10T20:45:34.213271+00:00,ME24A801,23,2,20260911054344,20260906162432,20260906170436,,ME
2026-09-10T20:45:34.213271+00:00,ME24A801,24,2,20260911054357,20260909193834,20260909195249,,ME
2026-09-10T20:45:34.213271+00:00,ME24A801,25,2,20260911054410,20260909134015,20260909140419,,ME
2026-09-10T20:45:34.213271+00:00,ME24A801,26,2,20260911054313,20260909163736,20260909165436,,ME
2026-09-10T20:45:34.213271+00:00,ME24A801,27,2,20260911054329,20260909064630,20260909070031,,ME
2026-09-10T20:45:34.213271+00:00,ME24A801,28,2,20260911054331,20260907211828,20260907215500,,ME
2026-09-10T20:45:34.213271+00:00,EV005685,03,3,20260911054431,20260910132121,20260910153822,20260911054254,EV
2026-09-10T20:45:34.213271+00:00,KE001764,20,2,20260911054209,20260911021100,20260911054144,,KE
2026-09-10T20:45:34.213271+00:00,LI000457,01,2,20260911054305,20260911054232,20260911054305,,LI
2026-09-10T20:45:34.213271+00:00,LU001389,05,2,20260911054430,20260910205010,20260911020116,,LU
2026-09-10T20:45:34.213271+00:00,LU002237,07,3,20260911054340,20260911002030,20260911054338,20260911002030,LU
2026-09-10T20:45:34.213271+00:00,LU003250,13,2,20260911054454,20260910193722,20260911005815,,LU
2026-09-10T20:45:34.213271+00:00,LU100251,08,3,20260911054159,20260910163706,20260911054156,20260910163706,LU
2026-09-10T20:45:34.213271+00:00,PI764735,01,3,20260911054035,20260911053939,20260910011729,20260911054035,PI
2026-09-10T20:45:34.213271+00:00,PL031437,03,2,20260911054401,20260910173611,20260911054401,,PL
2026-09-10T20:50:37.560810+00:00,ME184089,01,2,20260911054548,20260910125028,20260910130913,,ME
2026-09-10T20:50:37.560810+00:00,ME19B127,01,2,20260911054732,20260910203125,20260910211131,,ME
2026-09-10T20:50:37.560810+00:00,ME19B128,01,2,20260911054503,20260910082010,20260910085951,,ME
2026-09-10T20:50:37.560810+00:00,ME19B129,01,2,20260911054436,20260910160251,20260910161017,,ME
2026-09-10T20:50:37.560810+00:00,ME19B130,01,2,20260911054541,20260910202828,20260910210658,,ME
2026-09-10T20:50:37.560810+00:00,ME19B178,01,2,20260911054523,20260910121646,20260910125753,,ME
2026-09-10T20:50:37.560810+00:00,ME20B225,21,2,20260911054856,20260910054804,20260910062804,,ME
2026-09-10T20:50:37.560810+00:00,ME20B225,22,2,20260911054856,20260910171544,20260910175544,,ME
2026-09-10T20:50:37.560810+00:00,ME20B226,21,2,20260911054832,20260910172142,20260910173415,,ME
2026-09-10T20:50:37.560810+00:00,ME20B226,22,2,20260911054832,20260909171444,20260909175444,,ME
2026-09-10T20:50:37.560810+00:00,ME22D1A0,01,2,20260911054653,20260910150107,20260910152208,,ME
2026-09-10T20:50:37.560810+00:00,ME22D204,01,2,20260911054526,20260911043113,20260911044855,,ME
2026-09-10T20:50:37.560810+00:00,ME22D204,02,2,20260911054527,20260910175151,20260910183159,,ME
2026-09-10T20:50:37.560810+00:00,ME23B117,01,2,20260911054820,20260910163332,20260910165319,,ME
2026-09-10T20:50:37.560810+00:00,ME23B1B4,01,2,20260911054508,20260910210846,20260910213620,,ME
2026-09-10T20:50:37.560810+00:00,ME23B1B5,01,2,20260911054841,20260908171321,20260908173807,,ME
2026-09-10T20:50:37.560810+00:00,ME24A257,21,2,20260911054852,20260909221236,20260909222503,,ME
2026-09-10T20:50:37.560810+00:00,ME24A257,22,2,20260911054856,20260910205836,20260910213840,,ME
2026-09-10T20:50:37.560810+00:00,ME24A258,21,2,20260911054905,20260907103232,20260907110631,,ME
2026-09-10T20:50:37.560810+00:00,ME24A258,22,2,20260911054907,20260909094629,20260909101414,,ME
2026-09-10T20:50:37.560810+00:00,ME24A801,21,2,20260911054859,20260910160818,20260910163327,,ME
2026-09-10T20:50:37.560810+00:00,ME24A801,22,2,20260911054901,20260911044116,20260911051625,,ME
2026-09-10T20:50:37.560810+00:00,ME24A801,23,2,20260911054849,20260906162432,20260906170436,,ME
2026-09-10T20:50:37.560810+00:00,ME24A801,24,2,20260911054857,20260909193834,20260909195249,,ME
2026-09-10T20:50:37.560810+00:00,ME24A801,25,2,20260911054810,20260909134015,20260909140419,,ME
2026-09-10T20:50:37.560810+00:00,ME24A801,26,2,20260911054812,20260909163736,20260909165436,,ME
2026-09-10T20:50:37.560810+00:00,ME24A801,27,2,20260911054829,20260909064630,20260909070031,,ME
2026-09-10T20:50:37.560810+00:00,ME24A801,28,2,20260911054831,20260907211828,20260907215500,,ME
2026-09-10T20:50:37.560810+00:00,HU610005,04,2,20260911055006,20260910200907,20260911054812,,HU
2026-09-10T20:50:37.560810+00:00,LI000457,01,2,20260911054730,20260911054721,20260911054730,,LI
2026-09-10T20:50:37.560810+00:00,LI000457,03,2,20260911054900,20260911054736,20260911054900,,LI
2026-09-10T20:50:37.560810+00:00,LU000149,03,2,20260911054934,20260910165157,20260910234409,,LU
2026-09-10T20:50:37.560810+00:00,LU000149,06,2,20260911054823,20260910165232,20260911025540,,LU
2026-09-10T20:50:37.560810+00:00,LU002478,12,2,20260911054659,20260910190151,20260911031404,,LU
2026-09-10T20:50:37.560810+00:00,LU003087,06,2,20260911054546,20260910210404,20260910211322,,LU
2026-09-10T20:50:37.560810+00:00,LU003197,01,2,20260911054659,20260910194129,20260911023936,,LU
2026-09-10T20:50:37.560810+00:00,NT101521,21,2,20260911054950,20260910220950,20260911054950,,NT
2026-09-10T20:50:37.560810+00:00,NT101867,03,9,20260911054750,20260910202550,20260911054750,,NT
2026-09-10T20:50:37.560810+00:00,PIH00906,01,2,20260911054716,20260910175301,20260911005105,,PI
2026-09-10T21:00:55.956265+00:00,ME184089,01,2,20260911055550,20260910125028,20260910130913,,ME
2026-09-10T21:00:55.956265+00:00,ME19B127,01,2,20260911055734,20260910203125,20260910211131,,ME
2026-09-10T21:00:55.956265+00:00,ME19B128,01,2,20260911055505,20260910082010,20260910085951,,ME
2026-09-10T21:00:55.956265+00:00,ME19B129,01,2,20260911055438,20260910160251,20260910161017,,ME
2026-09-10T21:00:55.956265+00:00,ME19B130,01,2,20260911055544,20260910202828,20260910210658,,ME
2026-09-10T21:00:55.956265+00:00,ME19B178,01,2,20260911055525,20260910121646,20260910125753,,ME
2026-09-10T21:00:55.956265+00:00,ME20B225,21,2,20260911055856,20260910054804,20260910062804,,ME
2026-09-10T21:00:55.956265+00:00,ME20B225,22,2,20260911055856,20260910171544,20260910175544,,ME
2026-09-10T21:00:55.956265+00:00,ME20B226,21,2,20260911055832,20260910172142,20260910173415,,ME
2026-09-10T21:00:55.956265+00:00,ME20B226,22,2,20260911055832,20260909171444,20260909175444,,ME
2026-09-10T21:00:55.956265+00:00,ME22D1A0,01,2,20260911055653,20260910150107,20260910152208,,ME
2026-09-10T21:00:55.956265+00:00,ME22D204,01,2,20260911055527,20260911043113,20260911044855,,ME
2026-09-10T21:00:55.956265+00:00,ME22D204,02,2,20260911055527,20260910175151,20260910183159,,ME
2026-09-10T21:00:55.956265+00:00,ME23B117,01,2,20260911055820,20260910163332,20260910165319,,ME
2026-09-10T21:00:55.956265+00:00,ME23B1B4,01,2,20260911055508,20260910210846,20260910213620,,ME
2026-09-10T21:00:55.956265+00:00,ME23B1B5,01,2,20260911055841,20260908171321,20260908173807,,ME
2026-09-10T21:00:55.956265+00:00,ME24A257,21,2,20260911055853,20260909221236,20260909222503,,ME
2026-09-10T21:00:55.956265+00:00,ME24A257,22,2,20260911055902,20260910205836,20260910213840,,ME
2026-09-10T21:00:55.956265+00:00,ME24A258,21,2,20260911055905,20260907103232,20260907110631,,ME
2026-09-10T21:00:55.956265+00:00,ME24A258,22,2,20260911055907,20260909094629,20260909101414,,ME
2026-09-10T21:00:55.956265+00:00,ME24A801,21,2,20260911055859,20260910160818,20260910163327,,ME
2026-09-10T21:00:55.956265+00:00,ME24A801,22,2,20260911055902,20260911044116,20260911051625,,ME
2026-09-10T21:00:55.956265+00:00,ME24A801,23,2,20260911055850,20260906162432,20260906170436,,ME
2026-09-10T21:00:55.956265+00:00,ME24A801,24,2,20260911055858,20260909193834,20260909195249,,ME
2026-09-10T21:00:55.956265+00:00,ME24A801,25,2,20260911055811,20260909134015,20260909140419,,ME
2026-09-10T21:00:55.956265+00:00,ME24A801,26,2,20260911055813,20260909163736,20260909165436,,ME
2026-09-10T21:00:55.956265+00:00,ME24A801,27,2,20260911055828,20260909064630,20260909070031,,ME
2026-09-10T21:00:55.956265+00:00,ME24A801,28,2,20260911055830,20260907211828,20260907215500,,ME
2026-09-10T21:00:55.956265+00:00,EV002640,04,2,20260911055638,20260910234431,20260911055449,,EV
2026-09-10T21:00:55.956265+00:00,EV003105,03,2,20260911055839,20260910205308,20260911055634,,EV
2026-09-10T21:00:55.956265+00:00,LI000457,03,2,20260911055614,20260911055605,20260911055614,,LI
2026-09-10T21:00:55.956265+00:00,LU000552,01,3,20260911055911,20260910191355,20260911055910,20260910191355,LU
2026-09-10T21:00:55.956265+00:00,LU000552,05,2,20260911055917,20260910173617,20260910213210,,LU
2026-09-10T21:00:55.956265+00:00,LU000685,03,3,20260911055537,20260911002842,20260911055535,20260911002842,LU
2026-09-10T21:00:55.956265+00:00,LU000836,02,3,20260911055626,20260910223236,20260911055625,20260910223236,LU
2026-09-10T21:00:55.956265+00:00,LU001006,06,2,20260911055436,20260910192353,20260911021256,,LU
2026-09-10T21:00:55.956265+00:00,LU001406,01,3,20260911055321,20260911055329,20260908140026,20260908063125,LU
2026-09-10T21:00:55.956265+00:00,LU003250,08,2,20260911055952,20260911055945,20260911055952,,LU
2026-09-10T21:00:55.956265+00:00,LU003496,03,2,20260911055816,20260910193139,20260911005744,,LU
2026-09-10T21:00:55.956265+00:00,NT101158,07,2,20260911055850,20260910173650,20260911055850,,NT
2026-09-10T21:00:55.956265+00:00,PI724305,11,2,20260911055656,20260910145753,20260910235619,,PI
2026-09-10T21:00:55.956265+00:00,PIH00046,03,2,20260911055714,20260910211004,20260910234236,,PI
2026-09-10T21:00:55.956265+00:00,ST461114,04,2,20260911055130,20260910204621,20260911054759,,ST
2026-09-10T21:05:27.235098+00:00,ME184089,01,2,20260911060051,20260910125028,20260910130913,,ME
2026-09-10T21:05:27.235098+00:00,ME19B127,01,2,20260911060235,20260910203125,20260910211131,,ME
2026-09-10T21:05:27.235098+00:00,ME19B128,01,2,20260911060007,20260910082010,20260910085951,,ME
2026-09-10T21:05:27.235098+00:00,ME19B129,01,2,20260911055939,20260910160251,20260910161017,,ME
2026-09-10T21:05:27.235098+00:00,ME19B130,01,2,20260911060046,20260910202828,20260910210658,,ME
2026-09-10T21:05:27.235098+00:00,ME19B178,01,2,20260911060026,20260910121646,20260910125753,,ME
2026-09-10T21:05:27.235098+00:00,ME20B225,21,2,20260911060356,20260910054804,20260910062804,,ME
2026-09-10T21:05:27.235098+00:00,ME20B225,22,2,20260911060356,20260910171544,20260910175544,,ME
2026-09-10T21:05:27.235098+00:00,ME20B226,21,2,20260911060332,20260910172142,20260910173415,,ME
2026-09-10T21:05:27.235098+00:00,ME20B226,22,2,20260911060332,20260909171444,20260909175444,,ME
2026-09-10T21:05:27.235098+00:00,ME21B103,01,9,20260911060310,20260910145543,20260910152135,,ME
2026-09-10T21:05:27.235098+00:00,ME21B119,01,9,20260911060310,20260909233120,20260910001136,,ME
2026-09-10T21:05:27.235098+00:00,ME21B1E4,01,2,20260911060226,20260910181513,20260910185519,,ME
2026-09-10T21:05:27.235098+00:00,ME21B204,01,9,20260911060310,20260910162844,20260910170849,,ME
2026-09-10T21:05:27.235098+00:00,ME21B204,02,2,20260911060223,20260910221805,20260910230110,,ME
2026-09-10T21:05:27.235098+00:00,ME21E210,91,9,20260911060310,20260909155720,20260909163029,,ME
2026-09-10T21:05:27.235098+00:00,ME21E210,92,2,20260911060231,20260910180418,20260910184459,,ME
2026-09-10T21:05:27.235098+00:00,ME22C1D3,01,9,20260911060310,20260910180636,20260910183434,,ME
2026-09-10T21:05:27.235098+00:00,ME22D1A0,01,2,20260911060153,20260910150107,20260910152208,,ME
2026-09-10T21:05:27.235098+00:00,ME22D204,01,2,20260911060026,20260911043113,20260911044855,,ME
2026-09-10T21:05:27.235098+00:00,ME22D204,02,2,20260911060027,20260910175151,20260910183159,,ME
2026-09-10T21:05:27.235098+00:00,ME23B117,01,2,20260911060320,20260910163332,20260910165319,,ME
2026-09-10T21:05:27.235098+00:00,ME23B1B4,01,2,20260911060007,20260910210846,20260910213620,,ME
2026-09-10T21:05:27.235098+00:00,ME23B1B5,01,2,20260911060341,20260908171321,20260908173807,,ME
2026-09-10T21:05:27.235098+00:00,ME24A257,21,2,20260911060354,20260909221236,20260909222503,,ME
2026-09-10T21:05:27.235098+00:00,ME24A257,22,2,20260911060358,20260910205836,20260910213840,,ME
2026-09-10T21:05:27.235098+00:00,ME24A258,21,2,20260911060404,20260907103232,20260907110631,,ME
2026-09-10T21:05:27.235098+00:00,ME24A258,22,2,20260911060406,20260909094629,20260909101414,,ME
2026-09-10T21:05:27.235098+00:00,ME24A801,21,2,20260911060359,20260910160818,20260910163327,,ME
2026-09-10T21:05:27.235098+00:00,ME24A801,22,2,20260911060402,20260911044116,20260911051625,,ME
2026-09-10T21:05:27.235098+00:00,ME24A801,23,2,20260911060350,20260906162432,20260906170436,,ME
2026-09-10T21:05:27.235098+00:00,ME24A801,24,2,20260911060357,20260909193834,20260909195249,,ME
2026-09-10T21:05:27.235098+00:00,ME24A801,25,2,20260911060410,20260909134015,20260909140419,,ME
2026-09-10T21:05:27.235098+00:00,ME24A801,26,3,20260911060343,20260909163736,20260909165436,20260911060338,ME
2026-09-10T21:05:27.235098+00:00,ME24A801,27,2,20260911060329,20260909064630,20260909070031,,ME
2026-09-10T21:05:27.235098+00:00,ME24A801,28,2,20260911060331,20260907211828,20260907215500,,ME
2026-09-10T21:05:27.235098+00:00,ME25B234,21,2,20260911060139,20260909173753,20260909175235,,ME
2026-09-10T21:05:27.235098+00:00,ME25B234,22,2,20260911060140,20260909152552,20260909155553,,ME
2026-09-10T21:05:27.235098+00:00,ME25B335,01,2,20260911060143,20260909102503,20260909110506,,ME
2026-09-10T21:05:27.235098+00:00,ME25B335,02,2,20260911060135,20260910125645,20260910132841,,ME
2026-09-10T21:05:27.235098+00:00,ME25B335,03,2,20260911060141,20260910131910,20260910133345,,ME
2026-09-10T21:05:27.235098+00:00,EV005595,01,2,20260911060041,20260910175004,20260911040625,,EV
2026-09-10T21:05:27.235098+00:00,EV011731,01,2,20260911060041,20260910225539,20260911024524,,EV
2026-09-10T21:05:27.235098+00:00,LI000457,06,3,20260911060432,20260911060432,20260910234109,20260911060432,LI
2026-09-10T21:05:27.235098+00:00,LU000368,01,3,20260911060252,20260910232739,20260911060251,20260910232739,LU
2026-09-10T21:05:27.235098+00:00,LU001389,04,3,20260911060141,20260910185104,20260911060139,20260910185104,LU
2026-09-10T21:05:27.235098+00:00,LU001389,13,2,20260911060154,20260910194546,20260910234913,,LU
2026-09-10T21:05:27.235098+00:00,NT101754,04,2,20260911060050,20260910195250,20260911060050,,NT
2026-09-10T21:05:27.235098+00:00,NT101867,03,3,20260911060250,20260911060250,20260911054750,20260911060250,NT
2026-09-10T21:05:27.235098+00:00,PC001050,06,3,20260911060454,20260909141134,20260909153932,20260911060454,PC
2026-09-10T21:05:27.235098+00:00,PL000124,09,2,20260911060200,20260910155941,20260911060200,,PL
2026-09-10T21:10:35.763829+00:00,ME184089,01,2,20260911060552,20260910125028,20260910130913,,ME
2026-09-10T21:10:35.763829+00:00,ME19B127,01,2,20260911060736,20260910203125,20260910211131,,ME
2026-09-10T21:10:35.763829+00:00,ME19B128,01,2,20260911060507,20260910082010,20260910085951,,ME
2026-09-10T21:10:35.763829+00:00,ME19B129,01,2,20260911060440,20260910160251,20260910161017,,ME
2026-09-10T21:10:35.763829+00:00,ME19B130,01,2,20260911060547,20260910202828,20260910210658,,ME
2026-09-10T21:10:35.763829+00:00,ME19B178,01,2,20260911060527,20260910121646,20260910125753,,ME
2026-09-10T21:10:35.763829+00:00,ME20B225,21,2,20260911060856,20260910054804,20260910062804,,ME
2026-09-10T21:10:35.763829+00:00,ME20B225,22,2,20260911060856,20260910171544,20260910175544,,ME
2026-09-10T21:10:35.763829+00:00,ME20B226,21,2,20260911060832,20260910172142,20260910173415,,ME
2026-09-10T21:10:35.763829+00:00,ME20B226,22,2,20260911060832,20260909171444,20260909175444,,ME
2026-09-10T21:10:35.763829+00:00,ME22D1A0,01,2,20260911060653,20260910150107,20260910152208,,ME
2026-09-10T21:10:35.763829+00:00,ME22D204,01,2,20260911060527,20260911043113,20260911044855,,ME
2026-09-10T21:10:35.763829+00:00,ME22D204,02,2,20260911060527,20260910175151,20260910183159,,ME
2026-09-10T21:10:35.763829+00:00,ME23B117,01,2,20260911060820,20260910163332,20260910165319,,ME
2026-09-10T21:10:35.763829+00:00,ME23B1B4,01,2,20260911060508,20260910210846,20260910213620,,ME
2026-09-10T21:10:35.763829+00:00,ME24A257,21,2,20260911060854,20260909221236,20260909222503,,ME
2026-09-10T21:10:35.763829+00:00,ME24A257,22,2,20260911060858,20260910205836,20260910213840,,ME
2026-09-10T21:10:35.763829+00:00,ME24A258,21,2,20260911060903,20260907103232,20260907110631,,ME
2026-09-10T21:10:35.763829+00:00,ME24A258,22,2,20260911060906,20260909094629,20260909101414,,ME
2026-09-10T21:10:35.763829+00:00,ME24A801,21,2,20260911060902,20260910160818,20260910163327,,ME
2026-09-10T21:10:35.763829+00:00,ME24A801,22,2,20260911060905,20260911044116,20260911051625,,ME
2026-09-10T21:10:35.763829+00:00,ME24A801,23,2,20260911060850,20260906162432,20260906170436,,ME
2026-09-10T21:10:35.763829+00:00,ME24A801,24,2,20260911060857,20260909193834,20260909195249,,ME
2026-09-10T21:10:35.763829+00:00,ME24A801,25,2,20260911060808,20260909134015,20260909140419,,ME
2026-09-10T21:10:35.763829+00:00,ME24A801,26,3,20260911060843,20260909163736,20260909165436,20260911060338,ME
2026-09-10T21:10:35.763829+00:00,ME24A801,27,2,20260911060828,20260909064630,20260909070031,,ME
2026-09-10T21:10:35.763829+00:00,ME24A801,28,2,20260911060831,20260907211828,20260907215500,,ME
2026-09-10T21:10:35.763829+00:00,EV011372,09,2,20260911060645,20260910182953,20260911040028,,EV
2026-09-10T21:10:35.763829+00:00,EV016727,02,3,20260911060852,20260910212422,20260910224623,20260911060852,EV
2026-09-10T21:10:35.763829+00:00,LI000457,06,3,20260911060932,20260911060932,20260911060616,20260911060932,LI
2026-09-10T21:10:35.763829+00:00,PI610531,02,2,20260911060655,20260910214117,20260911050101,,PI
2026-09-10T21:15:39.370159+00:00,ME184089,01,2,20260911061053,20260910125028,20260910130913,,ME
2026-09-10T21:15:39.370159+00:00,ME19B127,01,2,20260911061237,20260910203125,20260910211131,,ME
2026-09-10T21:15:39.370159+00:00,ME19B128,01,2,20260911061008,20260910082010,20260910085951,,ME
2026-09-10T21:15:39.370159+00:00,ME19B129,01,2,20260911060941,20260910160251,20260910161017,,ME
2026-09-10T21:15:39.370159+00:00,ME19B130,01,2,20260911061048,20260910202828,20260910210658,,ME
2026-09-10T21:15:39.370159+00:00,ME19B178,01,2,20260911061028,20260910121646,20260910125753,,ME
2026-09-10T21:15:39.370159+00:00,ME20B225,21,2,20260911061356,20260910054804,20260910062804,,ME
2026-09-10T21:15:39.370159+00:00,ME20B225,22,2,20260911061356,20260910171544,20260910175544,,ME
2026-09-10T21:15:39.370159+00:00,ME20B226,21,2,20260911061332,20260910172142,20260910173415,,ME
2026-09-10T21:15:39.370159+00:00,ME20B226,22,2,20260911061332,20260909171444,20260909175444,,ME
2026-09-10T21:15:39.370159+00:00,ME22D1A0,01,2,20260911061153,20260910150107,20260910152208,,ME
2026-09-10T21:15:39.370159+00:00,ME22D204,01,2,20260911061026,20260911043113,20260911044855,,ME
2026-09-10T21:15:39.370159+00:00,ME22D204,02,2,20260911061027,20260910175151,20260910183159,,ME
2026-09-10T21:15:39.370159+00:00,ME23B117,01,2,20260911061320,20260910163332,20260910165319,,ME
2026-09-10T21:15:39.370159+00:00,ME23B1B4,01,2,20260911061008,20260910210846,20260910213620,,ME
2026-09-10T21:15:39.370159+00:00,ME23B1B5,01,2,20260911061341,20260908171321,20260908173807,,ME
2026-09-10T21:15:39.370159+00:00,ME24A257,21,2,20260911061356,20260909221236,20260909222503,,ME
2026-09-10T21:15:39.370159+00:00,ME24A257,22,2,20260911061358,20260910205836,20260910213840,,ME
2026-09-10T21:15:39.370159+00:00,ME24A258,21,2,20260911061404,20260907103232,20260907110631,,ME
2026-09-10T21:15:39.370159+00:00,ME24A258,22,2,20260911061406,20260909094629,20260909101414,,ME
2026-09-10T21:15:39.370159+00:00,ME24A801,21,2,20260911061402,20260910160818,20260910163327,,ME
2026-09-10T21:15:39.370159+00:00,ME24A801,22,2,20260911061404,20260911044116,20260911051625,,ME
2026-09-10T21:15:39.370159+00:00,ME24A801,23,2,20260911061350,20260906162432,20260906170436,,ME
2026-09-10T21:15:39.370159+00:00,ME24A801,24,2,20260911061358,20260909193834,20260909195249,,ME
2026-09-10T21:15:39.370159+00:00,ME24A801,25,2,20260911061408,20260909134015,20260909140419,,ME
2026-09-10T21:15:39.370159+00:00,ME24A801,26,3,20260911061410,20260909163736,20260909165436,20260911060338,ME
2026-09-10T21:15:39.370159+00:00,ME24A801,27,2,20260911061328,20260909064630,20260909070031,,ME
2026-09-10T21:15:39.370159+00:00,ME24A801,28,2,20260911061330,20260907211828,20260907215500,,ME
2026-09-10T21:15:39.370159+00:00,EV010241,03,2,20260911061455,20260910221023,20260911034215,,EV
2026-09-10T21:15:39.370159+00:00,EV011372,05,9,20260911061455,20260910215645,20260910215650,,EV
2026-09-10T21:15:39.370159+00:00,KP003694,01,2,20260911061016,20260910185451,20260911060354,,KP
2026-09-10T21:15:39.370159+00:00,LI000457,06,3,20260911061432,20260911061432,20260911061116,20260911061432,LI
2026-09-10T21:15:39.370159+00:00,LU003496,01,2,20260911061019,20260910210455,20260911061011,,LU
2026-09-10T21:15:39.370159+00:00,PL030998,00,3,20260911061213,20260911061213,20260911061213,20260911061213,PL
2026-09-10T21:15:39.370159+00:00,PL031300,05,2,20260911061248,20260910193453,20260911061248,,PL
2026-09-10T21:25:27.967552+00:00,ME184089,01,2,20260911062055,20260910125028,20260910130913,,ME
2026-09-10T21:25:27.967552+00:00,ME19B127,01,2,20260911062239,20260910203125,20260910211131,,ME
2026-09-10T21:25:27.967552+00:00,ME19B128,01,2,20260911062011,20260910082010,20260910085951,,ME
2026-09-10T21:25:27.967552+00:00,ME19B129,01,2,20260911061944,20260910160251,20260910161017,,ME
2026-09-10T21:25:27.967552+00:00,ME19B130,01,2,20260911062050,20260910202828,20260910210658,,ME
2026-09-10T21:25:27.967552+00:00,ME19B178,01,2,20260911062030,20260910121646,20260910125753,,ME
2026-09-10T21:25:27.967552+00:00,ME20B225,21,2,20260911062356,20260910054804,20260910062804,,ME
2026-09-10T21:25:27.967552+00:00,ME20B225,22,2,20260911062356,20260910171544,20260910175544,,ME
2026-09-10T21:25:27.967552+00:00,ME20B226,21,2,20260911062332,20260910172142,20260910173415,,ME
2026-09-10T21:25:27.967552+00:00,ME20B226,22,2,20260911062332,20260909171444,20260909175444,,ME
2026-09-10T21:25:27.967552+00:00,ME22D1A0,01,2,20260911062153,20260910150107,20260910152208,,ME
2026-09-10T21:25:27.967552+00:00,ME22D204,01,2,20260911062026,20260911043113,20260911044855,,ME
2026-09-10T21:25:27.967552+00:00,ME22D204,02,2,20260911062027,20260910175151,20260910183159,,ME
2026-09-10T21:25:27.967552+00:00,ME23B117,01,2,20260911062320,20260910163332,20260910165319,,ME
2026-09-10T21:25:27.967552+00:00,ME23B1B4,01,2,20260911062008,20260910210846,20260910213620,,ME
2026-09-10T21:25:27.967552+00:00,ME23B1B5,01,2,20260911062341,20260908171321,20260908173807,,ME
2026-09-10T21:25:27.967552+00:00,ME24A257,21,2,20260911062358,20260909221236,20260909222503,,ME
2026-09-10T21:25:27.967552+00:00,ME24A257,22,2,20260911062400,20260910205836,20260910213840,,ME
2026-09-10T21:25:27.967552+00:00,ME24A258,21,2,20260911062404,20260907103232,20260907110631,,ME
2026-09-10T21:25:27.967552+00:00,ME24A258,22,2,20260911062406,20260909094629,20260909101414,,ME
2026-09-10T21:25:27.967552+00:00,ME24A801,21,2,20260911062359,20260910160818,20260910163327,,ME
2026-09-10T21:25:27.967552+00:00,ME24A801,22,2,20260911062401,20260911044116,20260911051625,,ME
2026-09-10T21:25:27.967552+00:00,ME24A801,23,2,20260911062350,20260906162432,20260906170436,,ME
2026-09-10T21:25:27.967552+00:00,ME24A801,24,2,20260911062357,20260909193834,20260909195249,,ME
2026-09-10T21:25:27.967552+00:00,ME24A801,25,2,20260911062410,20260909134015,20260909140419,,ME
2026-09-10T21:25:27.967552+00:00,ME24A801,26,3,20260911062353,20260909163736,20260909165436,20260911060338,ME
2026-09-10T21:25:27.967552+00:00,ME24A801,27,2,20260911062328,20260909064630,20260909070031,,ME
2026-09-10T21:25:27.967552+00:00,ME24A801,28,2,20260911062330,20260907211828,20260907215500,,ME
2026-09-10T21:25:27.967552+00:00,EV011372,05,3,20260911061651,20260910215645,20260910215650,20260910215714,EV
2026-09-10T21:25:27.967552+00:00,EV020456,02,2,20260911061856,20260910192501,20260911030015,,EV
2026-09-10T21:25:27.967552+00:00,EV020788,02,2,20260911061651,20260910214943,20260911023552,,EV
2026-09-10T21:25:27.967552+00:00,HE240359,05,2,20260911061800,20260910180300,20260911061800,,HE
2026-09-10T21:25:27.967552+00:00,HY001771,01,2,20260911062205,20260910221050,20260911062104,,HY
2026-09-10T21:25:27.967552+00:00,KP004519,02,3,20260911062015,20260911014433,20260911024457,20260911061705,KP
2026-09-10T21:25:27.967552+00:00,LI000457,03,3,20260911062411,20260911062411,20260911062114,20260911062411,LI
2026-09-10T21:25:27.967552+00:00,LI000457,04,3,20260911062008,20260911062008,20260911061936,20260911062008,LI
2026-09-10T21:25:27.967552+00:00,LI000457,06,2,20260911062024,20260911061933,20260911062024,,LI
2026-09-10T21:25:27.967552+00:00,LU000506,04,2,20260911061923,20260911001333,20260911042750,,LU
2026-09-10T21:25:27.967552+00:00,LU001405,06,2,20260911061917,20260910185334,20260911024345,,LU
2026-09-10T21:25:27.967552+00:00,LU002237,07,2,20260911062147,20260911002030,20260911054338,,LU
2026-09-10T21:25:27.967552+00:00,LU003803,02,2,20260911062125,20260910210049,20260911033005,,LU
2026-09-10T21:25:27.967552+00:00,PI202121,10,2,20260911061707,20260910192238,20260911045717,,PI
2026-09-10T21:25:27.967552+00:00,PIH01797,02,2,20260911062218,20260910194443,20260911031730,,PI
2026-09-10T21:25:27.967552+00:00,PL030998,00,2,20260911062113,20260911061213,20260911062113,,PL
2026-09-10T21:30:42.862217+00:00,ME184089,01,2,20260911062556,20260910125028,20260910130913,,ME
2026-09-10T21:30:42.862217+00:00,ME19B127,01,2,20260911062740,20260910203125,20260910211131,,ME
2026-09-10T21:30:42.862217+00:00,ME19B128,01,2,20260911062511,20260910082010,20260910085951,,ME
2026-09-10T21:30:42.862217+00:00,ME19B129,01,2,20260911062444,20260910160251,20260910161017,,ME
2026-09-10T21:30:42.862217+00:00,ME19B130,01,2,20260911062551,20260910202828,20260910210658,,ME
2026-09-10T21:30:42.862217+00:00,ME19B178,01,2,20260911062532,20260910121646,20260910125753,,ME
2026-09-10T21:30:42.862217+00:00,ME20B225,21,2,20260911062856,20260910054804,20260910062804,,ME
2026-09-10T21:30:42.862217+00:00,ME20B225,22,2,20260911062856,20260910171544,20260910175544,,ME
2026-09-10T21:30:42.862217+00:00,ME20B226,21,2,20260911062832,20260910172142,20260910173415,,ME
2026-09-10T21:30:42.862217+00:00,ME20B226,22,2,20260911062832,20260909171444,20260909175444,,ME
2026-09-10T21:30:42.862217+00:00,ME22D1A0,01,2,20260911062654,20260910150107,20260910152208,,ME
2026-09-10T21:30:42.862217+00:00,ME22D204,01,2,20260911062527,20260911043113,20260911044855,,ME
2026-09-10T21:30:42.862217+00:00,ME22D204,02,2,20260911062527,20260910175151,20260910183159,,ME
2026-09-10T21:30:42.862217+00:00,ME23B117,01,2,20260911062820,20260910163332,20260910165319,,ME
2026-09-10T21:30:42.862217+00:00,ME23B1B4,01,2,20260911062508,20260910210846,20260910213620,,ME
2026-09-10T21:30:42.862217+00:00,ME23B1B5,01,2,20260911062841,20260908171321,20260908173807,,ME
2026-09-10T21:30:42.862217+00:00,ME24A257,21,2,20260911062858,20260909221236,20260909222503,,ME
2026-09-10T21:30:42.862217+00:00,ME24A257,22,2,20260911062900,20260910205836,20260910213840,,ME
2026-09-10T21:30:42.862217+00:00,ME24A258,21,2,20260911062904,20260907103232,20260907110631,,ME
2026-09-10T21:30:42.862217+00:00,ME24A258,22,2,20260911062906,20260909094629,20260909101414,,ME
2026-09-10T21:30:42.862217+00:00,ME24A801,21,2,20260911062903,20260910160818,20260910163327,,ME
2026-09-10T21:30:42.862217+00:00,ME24A801,22,2,20260911062905,20260911044116,20260911051625,,ME
2026-09-10T21:30:42.862217+00:00,ME24A801,23,2,20260911062850,20260906162432,20260906170436,,ME
2026-09-10T21:30:42.862217+00:00,ME24A801,24,2,20260911062902,20260909193834,20260909195249,,ME
2026-09-10T21:30:42.862217+00:00,ME24A801,25,2,20260911062907,20260909134015,20260909140419,,ME
2026-09-10T21:30:42.862217+00:00,ME24A801,26,3,20260911062909,20260909163736,20260909165436,20260911060338,ME
2026-09-10T21:30:42.862217+00:00,ME24A801,27,2,20260911062829,20260909064630,20260909070031,,ME
2026-09-10T21:30:42.862217+00:00,ME24A801,28,2,20260911062831,20260907211828,20260907215500,,ME
2026-09-10T21:30:42.862217+00:00,EV005685,03,2,20260911062648,20260911054254,20260911062519,,EV
2026-09-10T21:30:42.862217+00:00,EV020629,01,2,20260911062901,20260910180942,20260911005106,,EV
2026-09-10T21:30:42.862217+00:00,LI000457,03,3,20260911062911,20260911062911,20260911062615,20260911062911,LI
2026-09-10T21:30:42.862217+00:00,NT101867,01,2,20260911062650,20260911030050,20260911062650,,NT
2026-09-10T21:30:42.862217+00:00,PC001613,02,2,20260911062740,20260908105729,20260908112659,,PC
2026-09-10T21:30:42.862217+00:00,PIH01526,01,2,20260911062716,20260910172837,20260910223136,,PI
2026-09-10T21:35:31.517286+00:00,ME184089,01,2,20260911063057,20260910125028,20260910130913,,ME
2026-09-10T21:35:31.517286+00:00,ME19B127,01,2,20260911063241,20260910203125,20260910211131,,ME
2026-09-10T21:35:31.517286+00:00,ME19B128,01,2,20260911063013,20260910082010,20260910085951,,ME
2026-09-10T21:35:31.517286+00:00,ME19B129,01,2,20260911062946,20260910160251,20260910161017,,ME
2026-09-10T21:35:31.517286+00:00,ME19B130,01,2,20260911063052,20260910202828,20260910210658,,ME
2026-09-10T21:35:31.517286+00:00,ME19B178,01,2,20260911063033,20260910121646,20260910125753,,ME
2026-09-10T21:35:31.517286+00:00,ME20B225,21,2,20260911063356,20260910054804,20260910062804,,ME
2026-09-10T21:35:31.517286+00:00,ME20B225,22,2,20260911063356,20260910171544,20260910175544,,ME
2026-09-10T21:35:31.517286+00:00,ME20B226,21,2,20260911063332,20260910172142,20260910173415,,ME
2026-09-10T21:35:31.517286+00:00,ME20B226,22,2,20260911063332,20260909171444,20260909175444,,ME
2026-09-10T21:35:31.517286+00:00,ME21B103,01,2,20260911063229,20260910145543,20260910152135,,ME
2026-09-10T21:35:31.517286+00:00,ME21B119,01,2,20260911063219,20260909233120,20260910001136,,ME
2026-09-10T21:35:31.517286+00:00,ME21B1E4,01,9,20260911063310,20260910181513,20260910185519,,ME
2026-09-10T21:35:31.517286+00:00,ME21B204,01,2,20260911063216,20260910162844,20260910170849,,ME
2026-09-10T21:35:31.517286+00:00,ME21B204,02,9,20260911063310,20260910221805,20260910230110,,ME
2026-09-10T21:35:31.517286+00:00,ME21E210,91,2,20260911063222,20260909155720,20260909163029,,ME
2026-09-10T21:35:31.517286+00:00,ME21E210,92,9,20260911063310,20260910180418,20260910184459,,ME
2026-09-10T21:35:31.517286+00:00,ME22C1D3,01,2,20260911063238,20260910180636,20260910183434,,ME
2026-09-10T21:35:31.517286+00:00,ME22D1A0,01,2,20260911063154,20260910150107,20260910152208,,ME
2026-09-10T21:35:31.517286+00:00,ME22D204,01,2,20260911063027,20260911043113,20260911044855,,ME
2026-09-10T21:35:31.517286+00:00,ME22D204,02,2,20260911063027,20260910175151,20260910183159,,ME
2026-09-10T21:35:31.517286+00:00,ME23B117,01,2,20260911063320,20260910163332,20260910165319,,ME
2026-09-10T21:35:31.517286+00:00,ME23B1B4,01,2,20260911063008,20260910210846,20260910213620,,ME
2026-09-10T21:35:31.517286+00:00,ME23B1B5,01,2,20260911063341,20260908171321,20260908173807,,ME
2026-09-10T21:35:31.517286+00:00,ME24A257,21,2,20260911063357,20260909221236,20260909222503,,ME
2026-09-10T21:35:31.517286+00:00,ME24A257,22,2,20260911063359,20260910205836,20260910213840,,ME
2026-09-10T21:35:31.517286+00:00,ME24A258,21,2,20260911063404,20260907103232,20260907110631,,ME
2026-09-10T21:35:31.517286+00:00,ME24A258,22,2,20260911063406,20260909094629,20260909101414,,ME
2026-09-10T21:35:31.517286+00:00,ME24A801,21,2,20260911063400,20260910160818,20260910163327,,ME
2026-09-10T21:35:31.517286+00:00,ME24A801,22,2,20260911063403,20260911044116,20260911051625,,ME
2026-09-10T21:35:31.517286+00:00,ME24A801,23,2,20260911063355,20260906162432,20260906170436,,ME
2026-09-10T21:35:31.517286+00:00,ME24A801,24,2,20260911063402,20260909193834,20260909195249,,ME
2026-09-10T21:35:31.517286+00:00,ME24A801,25,2,20260911063407,20260909134015,20260909140419,,ME
2026-09-10T21:35:31.517286+00:00,ME24A801,26,3,20260911063409,20260909163736,20260909165436,20260911060338,ME
2026-09-10T21:35:31.517286+00:00,ME24A801,27,2,20260911063329,20260909064630,20260909070031,,ME
2026-09-10T21:35:31.517286+00:00,ME24A801,28,2,20260911063332,20260907211828,20260907215500,,ME
2026-09-10T21:35:31.517286+00:00,ME25B234,21,2,20260911063140,20260909173753,20260909175235,,ME
2026-09-10T21:35:31.517286+00:00,ME25B234,22,2,20260911063140,20260909152552,20260909155553,,ME
2026-09-10T21:35:31.517286+00:00,ME25B335,01,2,20260911063144,20260909102503,20260909110506,,ME
2026-09-10T21:35:31.517286+00:00,ME25B335,02,2,20260911063135,20260910125645,20260910132841,,ME
2026-09-10T21:35:31.517286+00:00,ME25B335,03,2,20260911063142,20260910131910,20260910133345,,ME
2026-09-10T21:35:31.517286+00:00,CI0M0011,01,2,20260911063158,20260115113424,20260115113511,,CI
2026-09-10T21:35:31.517286+00:00,EV012762,02,3,20260911063350,20260908212857,20260909055655,20260910221452,EV
2026-09-10T21:35:31.517286+00:00,LI000457,03,3,20260911063411,20260911063411,20260911063115,20260911063411,LI
2026-09-10T21:35:31.517286+00:00,LI000457,04,2,20260911063113,20260911062008,20260911063113,,LI
2026-09-10T21:35:31.517286+00:00,LU000149,01,2,20260911063131,20260910215821,20260911023033,,LU
2026-09-10T21:35:31.517286+00:00,LU000552,05,3,20260911063107,20260911063120,20260910213210,20260910173617,LU
2026-09-10T21:35:31.517286+00:00,LU001185,02,2,20260911063316,20260910183145,20260911030555,,LU
2026-09-10T21:35:31.517286+00:00,LU001549,01,2,20260911063105,20260910165308,20260910231719,,LU
2026-09-10T21:35:31.517286+00:00,LU002478,11,2,20260911063335,20260910194853,20260911010400,,LU
2026-09-10T21:35:31.517286+00:00,LU100181,06,2,20260911063453,20260910190107,20260910225018,,LU
2026-09-10T21:35:31.517286+00:00,PIH00906,08,2,20260911063220,20260910214421,20260910220255,,PI
2026-09-10T21:40:35.185684+00:00,ME184089,01,2,20260911063559,20260910125028,20260910130913,,ME
2026-09-10T21:40:35.185684+00:00,ME19B127,01,2,20260911063742,20260910203125,20260910211131,,ME
2026-09-10T21:40:35.185684+00:00,ME19B128,01,2,20260911063513,20260910082010,20260910085951,,ME
2026-09-10T21:40:35.185684+00:00,ME19B129,01,2,20260911063446,20260910160251,20260910161017,,ME
2026-09-10T21:40:35.185684+00:00,ME19B130,01,2,20260911063553,20260910202828,20260910210658,,ME
2026-09-10T21:40:35.185684+00:00,ME19B178,01,2,20260911063534,20260910121646,20260910125753,,ME
2026-09-10T21:40:35.185684+00:00,ME20B225,21,2,20260911063856,20260910054804,20260910062804,,ME
2026-09-10T21:40:35.185684+00:00,ME20B225,22,2,20260911063856,20260910171544,20260910175544,,ME
2026-09-10T21:40:35.185684+00:00,ME20B226,21,2,20260911063832,20260910172142,20260910173415,,ME
2026-09-10T21:40:35.185684+00:00,ME20B226,22,2,20260911063832,20260909171444,20260909175444,,ME
2026-09-10T21:40:35.185684+00:00,ME22D1A0,01,2,20260911063654,20260910150107,20260910152208,,ME
2026-09-10T21:40:35.185684+00:00,ME22D204,01,2,20260911063527,20260911043113,20260911044855,,ME
2026-09-10T21:40:35.185684+00:00,ME22D204,02,2,20260911063527,20260910175151,20260910183159,,ME
2026-09-10T21:40:35.185684+00:00,ME23B117,01,2,20260911063820,20260910163332,20260910165319,,ME
2026-09-10T21:40:35.185684+00:00,ME23B1B4,01,2,20260911063507,20260910210846,20260910213620,,ME
2026-09-10T21:40:35.185684+00:00,ME23B1B5,01,2,20260911063841,20260908171321,20260908173807,,ME
2026-09-10T21:40:35.185684+00:00,ME24A257,21,2,20260911063857,20260909221236,20260909222503,,ME
2026-09-10T21:40:35.185684+00:00,ME24A257,22,2,20260911063859,20260910205836,20260910213840,,ME
2026-09-10T21:40:35.185684+00:00,ME24A258,21,2,20260911063904,20260907103232,20260907110631,,ME
2026-09-10T21:40:35.185684+00:00,ME24A258,22,2,20260911063906,20260909094629,20260909101414,,ME
2026-09-10T21:40:35.185684+00:00,ME24A801,21,2,20260911063900,20260910160818,20260910163327,,ME
2026-09-10T21:40:35.185684+00:00,ME24A801,22,2,20260911063902,20260911044116,20260911051625,,ME
2026-09-10T21:40:35.185684+00:00,ME24A801,23,2,20260911063856,20260906162432,20260906170436,,ME
2026-09-10T21:40:35.185684+00:00,ME24A801,24,2,20260911063903,20260909193834,20260909195249,,ME
2026-09-10T21:40:35.185684+00:00,ME24A801,25,2,20260911063909,20260909134015,20260909140419,,ME
2026-09-10T21:40:35.185684+00:00,ME24A801,26,2,20260911063811,20260911060338,20260911063623,,ME
2026-09-10T21:40:35.185684+00:00,ME24A801,27,2,20260911063829,20260909064630,20260909070031,,ME
2026-09-10T21:40:35.185684+00:00,ME24A801,28,2,20260911063831,20260907211828,20260907215500,,ME
2026-09-10T21:40:35.185684+00:00,EV006957,01,2,20260911063709,20260910155254,20260910205920,,EV
2026-09-10T21:40:35.185684+00:00,HY000240,01,3,20260911063803,20260911063737,20260910212522,20260911063737,HY
2026-09-10T21:40:35.185684+00:00,LI000457,03,2,20260911063942,20260911063912,20260911063942,,LI
2026-09-10T21:40:35.185684+00:00,LU003803,09,2,20260911063648,20260910152715,20260910202920,,LU
2026-09-10T21:40:35.185684+00:00,NT101282,01,2,20260911063850,20260910182250,20260911063850,,NT
2026-09-10T21:40:35.185684+00:00,PI610533,02,2,20260911063657,20260910232217,20260911052921,,PI
2026-09-10T21:40:35.185684+00:00,PL000537,01,2,20260911063524,20260910232259,20260911063524,,PL
2026-09-10T21:40:35.185684+00:00,PL031436,03,2,20260911063558,20260910142118,20260911063558,,PL
2026-09-10T21:45:32.112155+00:00,ME184089,01,2,20260911064059,20260910125028,20260910130913,,ME
2026-09-10T21:45:32.112155+00:00,ME19B127,01,2,20260911064244,20260910203125,20260910211131,,ME
2026-09-10T21:45:32.112155+00:00,ME19B128,01,2,20260911064015,20260910082010,20260910085951,,ME
2026-09-10T21:45:32.112155+00:00,ME19B129,01,2,20260911063947,20260910160251,20260910161017,,ME
2026-09-10T21:45:32.112155+00:00,ME19B130,01,2,20260911064054,20260910202828,20260910210658,,ME
2026-09-10T21:45:32.112155+00:00,ME19B178,01,2,20260911064034,20260910121646,20260910125753,,ME
2026-09-10T21:45:32.112155+00:00,ME20B225,21,2,20260911064356,20260910054804,20260910062804,,ME
2026-09-10T21:45:32.112155+00:00,ME20B225,22,2,20260911064356,20260910171544,20260910175544,,ME
2026-09-10T21:45:32.112155+00:00,ME20B226,21,2,20260911064332,20260910172142,20260910173415,,ME
2026-09-10T21:45:32.112155+00:00,ME20B226,22,2,20260911064332,20260909171444,20260909175444,,ME
2026-09-10T21:45:32.112155+00:00,ME22D1A0,01,2,20260911064154,20260910150107,20260910152208,,ME
2026-09-10T21:45:32.112155+00:00,ME22D204,01,2,20260911064027,20260911043113,20260911044855,,ME
2026-09-10T21:45:32.112155+00:00,ME22D204,02,2,20260911064027,20260910175151,20260910183159,,ME
2026-09-10T21:45:32.112155+00:00,ME23B117,01,2,20260911064320,20260910163332,20260910165319,,ME
2026-09-10T21:45:32.112155+00:00,ME23B1B4,01,2,20260911064008,20260910210846,20260910213620,,ME
2026-09-10T21:45:32.112155+00:00,ME23B1B5,01,2,20260911064341,20260908171321,20260908173807,,ME
2026-09-10T21:45:32.112155+00:00,ME24A257,21,2,20260911064359,20260909221236,20260909222503,,ME
2026-09-10T21:45:32.112155+00:00,ME24A257,22,2,20260911064401,20260910205836,20260910213840,,ME
2026-09-10T21:45:32.112155+00:00,ME24A258,21,2,20260911064402,20260907103232,20260907110631,,ME
2026-09-10T21:45:32.112155+00:00,ME24A258,22,2,20260911064404,20260909094629,20260909101414,,ME
2026-09-10T21:45:32.112155+00:00,ME24A801,21,2,20260911064400,20260910160818,20260910163327,,ME
2026-09-10T21:45:32.112155+00:00,ME24A801,22,2,20260911064402,20260911044116,20260911051625,,ME
2026-09-10T21:45:32.112155+00:00,ME24A801,23,2,20260911064357,20260906162432,20260906170436,,ME
2026-09-10T21:45:32.112155+00:00,ME24A801,24,2,20260911064404,20260909193834,20260909195249,,ME
2026-09-10T21:45:32.112155+00:00,ME24A801,25,2,20260911064408,20260909134015,20260909140419,,ME
2026-09-10T21:45:32.112155+00:00,ME24A801,26,2,20260911064410,20260911060338,20260911063623,,ME
2026-09-10T21:45:32.112155+00:00,ME24A801,27,2,20260911064329,20260909064630,20260909070031,,ME
2026-09-10T21:45:32.112155+00:00,ME24A801,28,2,20260911064331,20260907211828,20260907215500,,ME
2026-09-10T21:45:32.112155+00:00,CGJ00005,01,1,20260911064510,20260911000659,20260911044612,,CG
2026-09-10T21:45:32.112155+00:00,HE240359,03,2,20260911064500,20260910192400,20260911064500,,HE
2026-09-10T21:45:32.112155+00:00,KE001764,02,2,20260911064209,20260910230945,20260911064127,,KE
2026-09-10T21:45:32.112155+00:00,LU000951,03,2,20260911064026,20260910223658,20260911030845,,LU
2026-09-10T21:45:32.112155+00:00,LU001389,15,2,20260911064226,20260910213055,20260911042325,,LU
2026-09-10T21:45:32.112155+00:00,LU100251,07,2,20260911064416,20260910175028,20260910193106,,LU
2026-09-10T21:45:32.112155+00:00,PI747126,06,3,20260911064249,20260911064154,20260827021627,20260911064249,PI
2026-09-10T21:45:32.112155+00:00,PI772925,01,3,20260911064239,20260911064132,20260909092701,20260911064239,PI
2026-09-10T21:45:32.112155+00:00,TDJ00113,01,2,20260911064500,20260910203846,20260911040422,,TD
2026-09-10T22:00:52.392911+00:00,ME184089,01,2,20260911065602,20260910125028,20260910130913,,ME
2026-09-10T22:00:52.392911+00:00,ME19B127,01,2,20260911065747,20260910203125,20260910211131,,ME
2026-09-10T22:00:52.392911+00:00,ME19B128,01,2,20260911065518,20260910082010,20260910085951,,ME
2026-09-10T22:00:52.392911+00:00,ME19B129,01,2,20260911065451,20260910160251,20260910161017,,ME
2026-09-10T22:00:52.392911+00:00,ME19B130,01,2,20260911065557,20260910202828,20260910210658,,ME
2026-09-10T22:00:52.392911+00:00,ME19B178,01,2,20260911065538,20260910121646,20260910125753,,ME
2026-09-10T22:00:52.392911+00:00,ME20B225,21,2,20260911065856,20260910054804,20260910062804,,ME
2026-09-10T22:00:52.392911+00:00,ME20B225,22,2,20260911065856,20260910171544,20260910175544,,ME
2026-09-10T22:00:52.392911+00:00,ME20B226,21,2,20260911065832,20260910172142,20260910173415,,ME
2026-09-10T22:00:52.392911+00:00,ME20B226,22,2,20260911065832,20260909171444,20260909175444,,ME
2026-09-10T22:00:52.392911+00:00,ME22D1A0,01,2,20260911065654,20260910150107,20260910152208,,ME
2026-09-10T22:00:52.392911+00:00,ME22D204,01,2,20260911065527,20260911043113,20260911044855,,ME
2026-09-10T22:00:52.392911+00:00,ME22D204,02,2,20260911065527,20260910175151,20260910183159,,ME
2026-09-10T22:00:52.392911+00:00,ME23B117,01,2,20260911065820,20260910163332,20260910165319,,ME
2026-09-10T22:00:52.392911+00:00,ME23B1B4,01,2,20260911065508,20260910210846,20260910213620,,ME
2026-09-10T22:00:52.392911+00:00,ME23B1B5,01,2,20260911065841,20260908171321,20260908173807,,ME
2026-09-10T22:00:52.392911+00:00,ME24A257,21,2,20260911065858,20260909221236,20260909222503,,ME
2026-09-10T22:00:52.392911+00:00,ME24A257,22,2,20260911065901,20260910205836,20260910213840,,ME
2026-09-10T22:00:52.392911+00:00,ME24A258,21,2,20260911065904,20260907103232,20260907110631,,ME
2026-09-10T22:00:52.392911+00:00,ME24A258,22,2,20260911065906,20260909094629,20260909101414,,ME
2026-09-10T22:00:52.392911+00:00,ME24A801,21,2,20260911065859,20260910160818,20260910163327,,ME
2026-09-10T22:00:52.392911+00:00,ME24A801,22,2,20260911065901,20260911044116,20260911051625,,ME
2026-09-10T22:00:52.392911+00:00,ME24A801,23,2,20260911065857,20260906162432,20260906170436,,ME
2026-09-10T22:00:52.392911+00:00,ME24A801,24,2,20260911065904,20260909193834,20260909195249,,ME
2026-09-10T22:00:52.392911+00:00,ME24A801,25,2,20260911065909,20260909134015,20260909140419,,ME
2026-09-10T22:00:52.392911+00:00,ME24A801,26,2,20260911065811,20260911060338,20260911063623,,ME
2026-09-10T22:00:52.392911+00:00,ME24A801,27,2,20260911065827,20260909064630,20260909070031,,ME
2026-09-10T22:00:52.392911+00:00,ME24A801,28,2,20260911065831,20260907211828,20260907215500,,ME
2026-09-10T22:00:52.392911+00:00,CGJ00003,03,2,20260911070007,20260910184254,20260910205944,,CG
2026-09-10T22:00:52.392911+00:00,EV020456,01,2,20260911065318,20260910172418,20260910225204,,EV
2026-09-10T22:00:52.392911+00:00,LU000928,03,3,20260911065933,20260911011223,20260911065931,20260911011223,LU
2026-09-10T22:00:52.392911+00:00,LU001185,01,2,20260911065601,20260910224540,20260911041633,,LU
2026-09-10T22:00:52.392911+00:00,LU003955,06,2,20260911065904,20260910195103,20260911065855,,LU
2026-09-10T22:00:52.392911+00:00,NT102086,04,2,20260911065150,20260911001950,20260911065150,,NT
2026-09-10T22:00:52.392911+00:00,PI645095,02,2,20260911065355,20260910204326,20260911065200,,PI
2026-09-10T22:00:52.392911+00:00,PI796962,03,2,20260911065510,20260910183357,20260911002519,,PI
2026-09-10T22:00:52.392911+00:00,PIH01526,02,2,20260911065412,20260910170526,20260910195904,,PI
2026-09-10T22:00:52.392911+00:00,PL031039,03,2,20260911065626,20260910234535,20260911065626,,PL
